I	ένα
II	δύο
III	τρία
IV	τέσσερα
V	πέντε
VI	έξι
VII	εφτά
VIII	οχτώ
IX	εννιά
X	δέκα
XI	έντεκα
XII	δώδεκα
XIII	δεκατρία
XIV	δεκατέσσερα
XV	δεκαπέντε
XVI	δεκαέξι
XVII	δεκαεφτά
XVIII	δεκαοχτώ
XIX	δεκαεννιά
XX	είκοσι
XXI	είκοσι ένα
XXII	είκοσι δύο
XXIII	είκοσι τρία
XXIV	είκοσι τέσσερα
XXV	είκοσι πέντε
XXVI	είκοσι έξι
XXVII	είκοσι εφτά
XXVIII	είκοσι οχτώ
XXIX	είκοσι εννιά
XXX	τριάντα
XXXI	τριάντα ένα
XXXII	τριάντα δύο
XXXIII	τριάντα τρία
XXXIV	τριάντα τέσσερα
XXXV	τριάντα πέντε
XXXVI	τριάντα έξι
XXXVII	τριάντα εφτά
XXXVIII	τριάντα οχτώ
XXXIX	τριάντα εννιά
XL	σαράντα
XLI	σαράντα ένα
XLII	σαράντα δύο
XLIII	σαράντα τρία
XLIV	σαράντα τέσσερα
XLV	σαράντα πέντε
XLVI	σαράντα έξι
XLVII	σαράντα εφτά
XLVIII	σαράντα οχτώ
XLIX	σαράντα εννιά
L	πενήντα
LI	πενήντα ένα
LII	πενήντα δύο
LIII	πενήντα τρία
LIV	πενήντα τέσσερα
LV	πενήντα πέντε
LVI	πενήντα έξι
LVII	πενήντα εφτά
LVIII	πενήντα οχτώ
LIX	πενήντα εννιά
LX	εξήντα
LXI	εξήντα ένα
LXII	εξήντα δύο
LXIII	εξήντα τρία
LXIV	εξήντα τέσσερα
LXV	εξήντα πέντε
LXVI	εξήντα έξι
LXVII	εξήντα εφτά
LXVIII	εξήντα οχτώ
LXIX	εξήντα εννιά
LXX	εβδομήντα
LXXI	εβδομήντα ένα
LXXII	εβδομήντα δύο
LXXIII	εβδομήντα τρία
LXXIV	εβδομήντα τέσσερα
LXXV	εβδομήντα πέντε
LXXVI	εβδομήντα έξι
LXXVII	εβδομήντα εφτά
LXXVIII	εβδομήντα οχτώ
LXXIX	εβδομήντα εννιά
LXXX	ογδόντα
LXXXI	ογδόντα ένα
LXXXII	ογδόντα δύο
LXXXIII	ογδόντα τρία
LXXXIV	ογδόντα τέσσερα
LXXXV	ογδόντα πέντε
LXXXVI	ογδόντα έξι
LXXXVII	ογδόντα εφτά
LXXXVIII	ογδόντα οχτώ
LXXXIX	ογδόντα εννιά
XC	ενενήντα
XCI	ενενήντα ένα
XCII	ενενήντα δύο
XCIII	ενενήντα τρία
XCIV	ενενήντα τέσσερα
XCV	ενενήντα πέντε
XCVI	ενενήντα έξι
XCVII	ενενήντα εφτά
XCVIII	ενενήντα οχτώ
XCIX	ενενήντα εννιά
C	εκατό
CI	εκατόν ένα
CII	εκατόν δύο
CIII	εκατόν τρία
CIV	εκατόν τέσσερα
CV	εκατόν πέντε
CVI	εκατόν έξι
CVII	εκατόν εφτά
CVIII	εκατόν οχτώ
CIX	εκατόν εννιά
CX	εκατόν δέκα
CXI	εκατόν έντεκα
CXII	εκατόν δώδεκα
CXIII	εκατόν δεκατρία
CXIV	εκατόν δεκατέσσερα
CXV	εκατόν δεκαπέντε
CXVI	εκατόν δεκαέξι
CXVII	εκατόν δεκαεφτά
CXVIII	εκατόν δεκαοχτώ
CXIX	εκατόν δεκαεννιά
CXX	εκατόν είκοσι
CXXI	εκατόν είκοσι ένα
CXXII	εκατόν είκοσι δύο
CXXIII	εκατόν είκοσι τρία
CXXIV	εκατόν είκοσι τέσσερα
CXXV	εκατόν είκοσι πέντε
CXXVI	εκατόν είκοσι έξι
CXXVII	εκατόν είκοσι εφτά
CXXVIII	εκατόν είκοσι οχτώ
CXXIX	εκατόν είκοσι εννιά
CXXX	εκατόν τριάντα
CXXXI	εκατόν τριάντα ένα
CXXXII	εκατόν τριάντα δύο
CXXXIII	εκατόν τριάντα τρία
CXXXIV	εκατόν τριάντα τέσσερα
CXXXV	εκατόν τριάντα πέντε
CXXXVI	εκατόν τριάντα έξι
CXXXVII	εκατόν τριάντα εφτά
CXXXVIII	εκατόν τριάντα οχτώ
CXXXIX	εκατόν τριάντα εννιά
CXL	εκατόν σαράντα
CXLI	εκατόν σαράντα ένα
CXLII	εκατόν σαράντα δύο
CXLIII	εκατόν σαράντα τρία
CXLIV	εκατόν σαράντα τέσσερα
CXLV	εκατόν σαράντα πέντε
CXLVI	εκατόν σαράντα έξι
CXLVII	εκατόν σαράντα εφτά
CXLVIII	εκατόν σαράντα οχτώ
CXLIX	εκατόν σαράντα εννιά
CL	εκατόν πενήντα
CLI	εκατόν πενήντα ένα
CLII	εκατόν πενήντα δύο
CLIII	εκατόν πενήντα τρία
CLIV	εκατόν πενήντα τέσσερα
CLV	εκατόν πενήντα πέντε
CLVI	εκατόν πενήντα έξι
CLVII	εκατόν πενήντα εφτά
CLVIII	εκατόν πενήντα οχτώ
CLIX	εκατόν πενήντα εννιά
CLX	εκατόν εξήντα
CLXI	εκατόν εξήντα ένα
CLXII	εκατόν εξήντα δύο
CLXIII	εκατόν εξήντα τρία
CLXIV	εκατόν εξήντα τέσσερα
CLXV	εκατόν εξήντα πέντε
CLXVI	εκατόν εξήντα έξι
CLXVII	εκατόν εξήντα εφτά
CLXVIII	εκατόν εξήντα οχτώ
CLXIX	εκατόν εξήντα εννιά
CLXX	εκατόν εβδομήντα
CLXXI	εκατόν εβδομήντα ένα
CLXXII	εκατόν εβδομήντα δύο
CLXXIII	εκατόν εβδομήντα τρία
CLXXIV	εκατόν εβδομήντα τέσσερα
CLXXV	εκατόν εβδομήντα πέντε
CLXXVI	εκατόν εβδομήντα έξι
CLXXVII	εκατόν εβδομήντα εφτά
CLXXVIII	εκατόν εβδομήντα οχτώ
CLXXIX	εκατόν εβδομήντα εννιά
CLXXX	εκατόν ογδόντα
CLXXXI	εκατόν ογδόντα ένα
CLXXXII	εκατόν ογδόντα δύο
CLXXXIII	εκατόν ογδόντα τρία
CLXXXIV	εκατόν ογδόντα τέσσερα
CLXXXV	εκατόν ογδόντα πέντε
CLXXXVI	εκατόν ογδόντα έξι
CLXXXVII	εκατόν ογδόντα εφτά
CLXXXVIII	εκατόν ογδόντα οχτώ
CLXXXIX	εκατόν ογδόντα εννιά
CXC	εκατόν ενενήντα
CXCI	εκατόν ενενήντα ένα
CXCII	εκατόν ενενήντα δύο
CXCIII	εκατόν ενενήντα τρία
CXCIV	εκατόν ενενήντα τέσσερα
CXCV	εκατόν ενενήντα πέντε
CXCVI	εκατόν ενενήντα έξι
CXCVII	εκατόν ενενήντα εφτά
CXCVIII	εκατόν ενενήντα οχτώ
CXCIX	εκατόν ενενήντα εννιά
CC	διακόσια
CCI	διακόσια ένα
CCII	διακόσια δύο
CCIII	διακόσια τρία
CCIV	διακόσια τέσσερα
CCV	διακόσια πέντε
CCVI	διακόσια έξι
CCVII	διακόσια εφτά
CCVIII	διακόσια οχτώ
CCIX	διακόσια εννιά
CCX	διακόσια δέκα
CCXI	διακόσια έντεκα
CCXII	διακόσια δώδεκα
CCXIII	διακόσια δεκατρία
CCXIV	διακόσια δεκατέσσερα
CCXV	διακόσια δεκαπέντε
CCXVI	διακόσια δεκαέξι
CCXVII	διακόσια δεκαεφτά
CCXVIII	διακόσια δεκαοχτώ
CCXIX	διακόσια δεκαεννιά
CCXX	διακόσια είκοσι
CCXXI	διακόσια είκοσι ένα
CCXXII	διακόσια είκοσι δύο
CCXXIII	διακόσια είκοσι τρία
CCXXIV	διακόσια είκοσι τέσσερα
CCXXV	διακόσια είκοσι πέντε
CCXXVI	διακόσια είκοσι έξι
CCXXVII	διακόσια είκοσι εφτά
CCXXVIII	διακόσια είκοσι οχτώ
CCXXIX	διακόσια είκοσι εννιά
CCXXX	διακόσια τριάντα
CCXXXI	διακόσια τριάντα ένα
CCXXXII	διακόσια τριάντα δύο
CCXXXIII	διακόσια τριάντα τρία
CCXXXIV	διακόσια τριάντα τέσσερα
CCXXXV	διακόσια τριάντα πέντε
CCXXXVI	διακόσια τριάντα έξι
CCXXXVII	διακόσια τριάντα εφτά
CCXXXVIII	διακόσια τριάντα οχτώ
CCXXXIX	διακόσια τριάντα εννιά
CCXL	διακόσια σαράντα
CCXLI	διακόσια σαράντα ένα
CCXLII	διακόσια σαράντα δύο
CCXLIII	διακόσια σαράντα τρία
CCXLIV	διακόσια σαράντα τέσσερα
CCXLV	διακόσια σαράντα πέντε
CCXLVI	διακόσια σαράντα έξι
CCXLVII	διακόσια σαράντα εφτά
CCXLVIII	διακόσια σαράντα οχτώ
CCXLIX	διακόσια σαράντα εννιά
CCL	διακόσια πενήντα
CCLI	διακόσια πενήντα ένα
CCLII	διακόσια πενήντα δύο
CCLIII	διακόσια πενήντα τρία
CCLIV	διακόσια πενήντα τέσσερα
CCLV	διακόσια πενήντα πέντε
CCLVI	διακόσια πενήντα έξι
CCLVII	διακόσια πενήντα εφτά
CCLVIII	διακόσια πενήντα οχτώ
CCLIX	διακόσια πενήντα εννιά
CCLX	διακόσια εξήντα
CCLXI	διακόσια εξήντα ένα
CCLXII	διακόσια εξήντα δύο
CCLXIII	διακόσια εξήντα τρία
CCLXIV	διακόσια εξήντα τέσσερα
CCLXV	διακόσια εξήντα πέντε
CCLXVI	διακόσια εξήντα έξι
CCLXVII	διακόσια εξήντα εφτά
CCLXVIII	διακόσια εξήντα οχτώ
CCLXIX	διακόσια εξήντα εννιά
CCLXX	διακόσια εβδομήντα
CCLXXI	διακόσια εβδομήντα ένα
CCLXXII	διακόσια εβδομήντα δύο
CCLXXIII	διακόσια εβδομήντα τρία
CCLXXIV	διακόσια εβδομήντα τέσσερα
CCLXXV	διακόσια εβδομήντα πέντε
CCLXXVI	διακόσια εβδομήντα έξι
CCLXXVII	διακόσια εβδομήντα εφτά
CCLXXVIII	διακόσια εβδομήντα οχτώ
CCLXXIX	διακόσια εβδομήντα εννιά
CCLXXX	διακόσια ογδόντα
CCLXXXI	διακόσια ογδόντα ένα
CCLXXXII	διακόσια ογδόντα δύο
CCLXXXIII	διακόσια ογδόντα τρία
CCLXXXIV	διακόσια ογδόντα τέσσερα
CCLXXXV	διακόσια ογδόντα πέντε
CCLXXXVI	διακόσια ογδόντα έξι
CCLXXXVII	διακόσια ογδόντα εφτά
CCLXXXVIII	διακόσια ογδόντα οχτώ
CCLXXXIX	διακόσια ογδόντα εννιά
CCXC	διακόσια ενενήντα
CCXCI	διακόσια ενενήντα ένα
CCXCII	διακόσια ενενήντα δύο
CCXCIII	διακόσια ενενήντα τρία
CCXCIV	διακόσια ενενήντα τέσσερα
CCXCV	διακόσια ενενήντα πέντε
CCXCVI	διακόσια ενενήντα έξι
CCXCVII	διακόσια ενενήντα εφτά
CCXCVIII	διακόσια ενενήντα οχτώ
CCXCIX	διακόσια ενενήντα εννιά
CCC	τριακόσια
CCCI	τριακόσια ένα
CCCII	τριακόσια δύο
CCCIII	τριακόσια τρία
CCCIV	τριακόσια τέσσερα
CCCV	τριακόσια πέντε
CCCVI	τριακόσια έξι
CCCVII	τριακόσια εφτά
CCCVIII	τριακόσια οχτώ
CCCIX	τριακόσια εννιά
CCCX	τριακόσια δέκα
CCCXI	τριακόσια έντεκα
CCCXII	τριακόσια δώδεκα
CCCXIII	τριακόσια δεκατρία
CCCXIV	τριακόσια δεκατέσσερα
CCCXV	τριακόσια δεκαπέντε
CCCXVI	τριακόσια δεκαέξι
CCCXVII	τριακόσια δεκαεφτά
CCCXVIII	τριακόσια δεκαοχτώ
CCCXIX	τριακόσια δεκαεννιά
CCCXX	τριακόσια είκοσι
CCCXXI	τριακόσια είκοσι ένα
CCCXXII	τριακόσια είκοσι δύο
CCCXXIII	τριακόσια είκοσι τρία
CCCXXIV	τριακόσια είκοσι τέσσερα
CCCXXV	τριακόσια είκοσι πέντε
CCCXXVI	τριακόσια είκοσι έξι
CCCXXVII	τριακόσια είκοσι εφτά
CCCXXVIII	τριακόσια είκοσι οχτώ
CCCXXIX	τριακόσια είκοσι εννιά
CCCXXX	τριακόσια τριάντα
CCCXXXI	τριακόσια τριάντα ένα
CCCXXXII	τριακόσια τριάντα δύο
CCCXXXIII	τριακόσια τριάντα τρία
CCCXXXIV	τριακόσια τριάντα τέσσερα
CCCXXXV	τριακόσια τριάντα πέντε
CCCXXXVI	τριακόσια τριάντα έξι
CCCXXXVII	τριακόσια τριάντα εφτά
CCCXXXVIII	τριακόσια τριάντα οχτώ
CCCXXXIX	τριακόσια τριάντα εννιά
CCCXL	τριακόσια σαράντα
CCCXLI	τριακόσια σαράντα ένα
CCCXLII	τριακόσια σαράντα δύο
CCCXLIII	τριακόσια σαράντα τρία
CCCXLIV	τριακόσια σαράντα τέσσερα
CCCXLV	τριακόσια σαράντα πέντε
CCCXLVI	τριακόσια σαράντα έξι
CCCXLVII	τριακόσια σαράντα εφτά
CCCXLVIII	τριακόσια σαράντα οχτώ
CCCXLIX	τριακόσια σαράντα εννιά
CCCL	τριακόσια πενήντα
CCCLI	τριακόσια πενήντα ένα
CCCLII	τριακόσια πενήντα δύο
CCCLIII	τριακόσια πενήντα τρία
CCCLIV	τριακόσια πενήντα τέσσερα
CCCLV	τριακόσια πενήντα πέντε
CCCLVI	τριακόσια πενήντα έξι
CCCLVII	τριακόσια πενήντα εφτά
CCCLVIII	τριακόσια πενήντα οχτώ
CCCLIX	τριακόσια πενήντα εννιά
CCCLX	τριακόσια εξήντα
CCCLXI	τριακόσια εξήντα ένα
CCCLXII	τριακόσια εξήντα δύο
CCCLXIII	τριακόσια εξήντα τρία
CCCLXIV	τριακόσια εξήντα τέσσερα
CCCLXV	τριακόσια εξήντα πέντε
CCCLXVI	τριακόσια εξήντα έξι
CCCLXVII	τριακόσια εξήντα εφτά
CCCLXVIII	τριακόσια εξήντα οχτώ
CCCLXIX	τριακόσια εξήντα εννιά
CCCLXX	τριακόσια εβδομήντα
CCCLXXI	τριακόσια εβδομήντα ένα
CCCLXXII	τριακόσια εβδομήντα δύο
CCCLXXIII	τριακόσια εβδομήντα τρία
CCCLXXIV	τριακόσια εβδομήντα τέσσερα
CCCLXXV	τριακόσια εβδομήντα πέντε
CCCLXXVI	τριακόσια εβδομήντα έξι
CCCLXXVII	τριακόσια εβδομήντα εφτά
CCCLXXVIII	τριακόσια εβδομήντα οχτώ
CCCLXXIX	τριακόσια εβδομήντα εννιά
CCCLXXX	τριακόσια ογδόντα
CCCLXXXI	τριακόσια ογδόντα ένα
CCCLXXXII	τριακόσια ογδόντα δύο
CCCLXXXIII	τριακόσια ογδόντα τρία
CCCLXXXIV	τριακόσια ογδόντα τέσσερα
CCCLXXXV	τριακόσια ογδόντα πέντε
CCCLXXXVI	τριακόσια ογδόντα έξι
CCCLXXXVII	τριακόσια ογδόντα εφτά
CCCLXXXVIII	τριακόσια ογδόντα οχτώ
CCCLXXXIX	τριακόσια ογδόντα εννιά
CCCXC	τριακόσια ενενήντα
CCCXCI	τριακόσια ενενήντα ένα
CCCXCII	τριακόσια ενενήντα δύο
CCCXCIII	τριακόσια ενενήντα τρία
CCCXCIV	τριακόσια ενενήντα τέσσερα
CCCXCV	τριακόσια ενενήντα πέντε
CCCXCVI	τριακόσια ενενήντα έξι
CCCXCVII	τριακόσια ενενήντα εφτά
CCCXCVIII	τριακόσια ενενήντα οχτώ
CCCXCIX	τριακόσια ενενήντα εννιά
CD	τετρακόσια
CDI	τετρακόσια ένα
CDII	τετρακόσια δύο
CDIII	τετρακόσια τρία
CDIV	τετρακόσια τέσσερα
CDV	τετρακόσια πέντε
CDVI	τετρακόσια έξι
CDVII	τετρακόσια εφτά
CDVIII	τετρακόσια οχτώ
CDIX	τετρακόσια εννιά
CDX	τετρακόσια δέκα
CDXI	τετρακόσια έντεκα
CDXII	τετρακόσια δώδεκα
CDXIII	τετρακόσια δεκατρία
CDXIV	τετρακόσια δεκατέσσερα
CDXV	τετρακόσια δεκαπέντε
CDXVI	τετρακόσια δεκαέξι
CDXVII	τετρακόσια δεκαεφτά
CDXVIII	τετρακόσια δεκαοχτώ
CDXIX	τετρακόσια δεκαεννιά
CDXX	τετρακόσια είκοσι
CDXXI	τετρακόσια είκοσι ένα
CDXXII	τετρακόσια είκοσι δύο
CDXXIII	τετρακόσια είκοσι τρία
CDXXIV	τετρακόσια είκοσι τέσσερα
CDXXV	τετρακόσια είκοσι πέντε
CDXXVI	τετρακόσια είκοσι έξι
CDXXVII	τετρακόσια είκοσι εφτά
CDXXVIII	τετρακόσια είκοσι οχτώ
CDXXIX	τετρακόσια είκοσι εννιά
CDXXX	τετρακόσια τριάντα
CDXXXI	τετρακόσια τριάντα ένα
CDXXXII	τετρακόσια τριάντα δύο
CDXXXIII	τετρακόσια τριάντα τρία
CDXXXIV	τετρακόσια τριάντα τέσσερα
CDXXXV	τετρακόσια τριάντα πέντε
CDXXXVI	τετρακόσια τριάντα έξι
CDXXXVII	τετρακόσια τριάντα εφτά
CDXXXVIII	τετρακόσια τριάντα οχτώ
CDXXXIX	τετρακόσια τριάντα εννιά
CDXL	τετρακόσια σαράντα
CDXLI	τετρακόσια σαράντα ένα
CDXLII	τετρακόσια σαράντα δύο
CDXLIII	τετρακόσια σαράντα τρία
CDXLIV	τετρακόσια σαράντα τέσσερα
CDXLV	τετρακόσια σαράντα πέντε
CDXLVI	τετρακόσια σαράντα έξι
CDXLVII	τετρακόσια σαράντα εφτά
CDXLVIII	τετρακόσια σαράντα οχτώ
CDXLIX	τετρακόσια σαράντα εννιά
CDL	τετρακόσια πενήντα
CDLI	τετρακόσια πενήντα ένα
CDLII	τετρακόσια πενήντα δύο
CDLIII	τετρακόσια πενήντα τρία
CDLIV	τετρακόσια πενήντα τέσσερα
CDLV	τετρακόσια πενήντα πέντε
CDLVI	τετρακόσια πενήντα έξι
CDLVII	τετρακόσια πενήντα εφτά
CDLVIII	τετρακόσια πενήντα οχτώ
CDLIX	τετρακόσια πενήντα εννιά
CDLX	τετρακόσια εξήντα
CDLXI	τετρακόσια εξήντα ένα
CDLXII	τετρακόσια εξήντα δύο
CDLXIII	τετρακόσια εξήντα τρία
CDLXIV	τετρακόσια εξήντα τέσσερα
CDLXV	τετρακόσια εξήντα πέντε
CDLXVI	τετρακόσια εξήντα έξι
CDLXVII	τετρακόσια εξήντα εφτά
CDLXVIII	τετρακόσια εξήντα οχτώ
CDLXIX	τετρακόσια εξήντα εννιά
CDLXX	τετρακόσια εβδομήντα
CDLXXI	τετρακόσια εβδομήντα ένα
CDLXXII	τετρακόσια εβδομήντα δύο
CDLXXIII	τετρακόσια εβδομήντα τρία
CDLXXIV	τετρακόσια εβδομήντα τέσσερα
CDLXXV	τετρακόσια εβδομήντα πέντε
CDLXXVI	τετρακόσια εβδομήντα έξι
CDLXXVII	τετρακόσια εβδομήντα εφτά
CDLXXVIII	τετρακόσια εβδομήντα οχτώ
CDLXXIX	τετρακόσια εβδομήντα εννιά
CDLXXX	τετρακόσια ογδόντα
CDLXXXI	τετρακόσια ογδόντα ένα
CDLXXXII	τετρακόσια ογδόντα δύο
CDLXXXIII	τετρακόσια ογδόντα τρία
CDLXXXIV	τετρακόσια ογδόντα τέσσερα
CDLXXXV	τετρακόσια ογδόντα πέντε
CDLXXXVI	τετρακόσια ογδόντα έξι
CDLXXXVII	τετρακόσια ογδόντα εφτά
CDLXXXVIII	τετρακόσια ογδόντα οχτώ
CDLXXXIX	τετρακόσια ογδόντα εννιά
CDXC	τετρακόσια ενενήντα
CDXCI	τετρακόσια ενενήντα ένα
CDXCII	τετρακόσια ενενήντα δύο
CDXCIII	τετρακόσια ενενήντα τρία
CDXCIV	τετρακόσια ενενήντα τέσσερα
CDXCV	τετρακόσια ενενήντα πέντε
CDXCVI	τετρακόσια ενενήντα έξι
CDXCVII	τετρακόσια ενενήντα εφτά
CDXCVIII	τετρακόσια ενενήντα οχτώ
CDXCIX	τετρακόσια ενενήντα εννιά
D	πεντακόσια
DI	πεντακόσια ένα
DII	πεντακόσια δύο
DIII	πεντακόσια τρία
DIV	πεντακόσια τέσσερα
DV	πεντακόσια πέντε
DVI	πεντακόσια έξι
DVII	πεντακόσια εφτά
DVIII	πεντακόσια οχτώ
DIX	πεντακόσια εννιά
DX	πεντακόσια δέκα
DXI	πεντακόσια έντεκα
DXII	πεντακόσια δώδεκα
DXIII	πεντακόσια δεκατρία
DXIV	πεντακόσια δεκατέσσερα
DXV	πεντακόσια δεκαπέντε
DXVI	πεντακόσια δεκαέξι
DXVII	πεντακόσια δεκαεφτά
DXVIII	πεντακόσια δεκαοχτώ
DXIX	πεντακόσια δεκαεννιά
DXX	πεντακόσια είκοσι
DXXI	πεντακόσια είκοσι ένα
DXXII	πεντακόσια είκοσι δύο
DXXIII	πεντακόσια είκοσι τρία
DXXIV	πεντακόσια είκοσι τέσσερα
DXXV	πεντακόσια είκοσι πέντε
DXXVI	πεντακόσια είκοσι έξι
DXXVII	πεντακόσια είκοσι εφτά
DXXVIII	πεντακόσια είκοσι οχτώ
DXXIX	πεντακόσια είκοσι εννιά
DXXX	πεντακόσια τριάντα
DXXXI	πεντακόσια τριάντα ένα
DXXXII	πεντακόσια τριάντα δύο
DXXXIII	πεντακόσια τριάντα τρία
DXXXIV	πεντακόσια τριάντα τέσσερα
DXXXV	πεντακόσια τριάντα πέντε
DXXXVI	πεντακόσια τριάντα έξι
DXXXVII	πεντακόσια τριάντα εφτά
DXXXVIII	πεντακόσια τριάντα οχτώ
DXXXIX	πεντακόσια τριάντα εννιά
DXL	πεντακόσια σαράντα
DXLI	πεντακόσια σαράντα ένα
DXLII	πεντακόσια σαράντα δύο
DXLIII	πεντακόσια σαράντα τρία
DXLIV	πεντακόσια σαράντα τέσσερα
DXLV	πεντακόσια σαράντα πέντε
DXLVI	πεντακόσια σαράντα έξι
DXLVII	πεντακόσια σαράντα εφτά
DXLVIII	πεντακόσια σαράντα οχτώ
DXLIX	πεντακόσια σαράντα εννιά
DL	πεντακόσια πενήντα
DLI	πεντακόσια πενήντα ένα
DLII	πεντακόσια πενήντα δύο
DLIII	πεντακόσια πενήντα τρία
DLIV	πεντακόσια πενήντα τέσσερα
DLV	πεντακόσια πενήντα πέντε
DLVI	πεντακόσια πενήντα έξι
DLVII	πεντακόσια πενήντα εφτά
DLVIII	πεντακόσια πενήντα οχτώ
DLIX	πεντακόσια πενήντα εννιά
DLX	πεντακόσια εξήντα
DLXI	πεντακόσια εξήντα ένα
DLXII	πεντακόσια εξήντα δύο
DLXIII	πεντακόσια εξήντα τρία
DLXIV	πεντακόσια εξήντα τέσσερα
DLXV	πεντακόσια εξήντα πέντε
DLXVI	πεντακόσια εξήντα έξι
DLXVII	πεντακόσια εξήντα εφτά
DLXVIII	πεντακόσια εξήντα οχτώ
DLXIX	πεντακόσια εξήντα εννιά
DLXX	πεντακόσια εβδομήντα
DLXXI	πεντακόσια εβδομήντα ένα
DLXXII	πεντακόσια εβδομήντα δύο
DLXXIII	πεντακόσια εβδομήντα τρία
DLXXIV	πεντακόσια εβδομήντα τέσσερα
DLXXV	πεντακόσια εβδομήντα πέντε
DLXXVI	πεντακόσια εβδομήντα έξι
DLXXVII	πεντακόσια εβδομήντα εφτά
DLXXVIII	πεντακόσια εβδομήντα οχτώ
DLXXIX	πεντακόσια εβδομήντα εννιά
DLXXX	πεντακόσια ογδόντα
DLXXXI	πεντακόσια ογδόντα ένα
DLXXXII	πεντακόσια ογδόντα δύο
DLXXXIII	πεντακόσια ογδόντα τρία
DLXXXIV	πεντακόσια ογδόντα τέσσερα
DLXXXV	πεντακόσια ογδόντα πέντε
DLXXXVI	πεντακόσια ογδόντα έξι
DLXXXVII	πεντακόσια ογδόντα εφτά
DLXXXVIII	πεντακόσια ογδόντα οχτώ
DLXXXIX	πεντακόσια ογδόντα εννιά
DXC	πεντακόσια ενενήντα
DXCI	πεντακόσια ενενήντα ένα
DXCII	πεντακόσια ενενήντα δύο
DXCIII	πεντακόσια ενενήντα τρία
DXCIV	πεντακόσια ενενήντα τέσσερα
DXCV	πεντακόσια ενενήντα πέντε
DXCVI	πεντακόσια ενενήντα έξι
DXCVII	πεντακόσια ενενήντα εφτά
DXCVIII	πεντακόσια ενενήντα οχτώ
DXCIX	πεντακόσια ενενήντα εννιά
DC	εξακόσια
DCI	εξακόσια ένα
DCII	εξακόσια δύο
DCIII	εξακόσια τρία
DCIV	εξακόσια τέσσερα
DCV	εξακόσια πέντε
DCVI	εξακόσια έξι
DCVII	εξακόσια εφτά
DCVIII	εξακόσια οχτώ
DCIX	εξακόσια εννιά
DCX	εξακόσια δέκα
DCXI	εξακόσια έντεκα
DCXII	εξακόσια δώδεκα
DCXIII	εξακόσια δεκατρία
DCXIV	εξακόσια δεκατέσσερα
DCXV	εξακόσια δεκαπέντε
DCXVI	εξακόσια δεκαέξι
DCXVII	εξακόσια δεκαεφτά
DCXVIII	εξακόσια δεκαοχτώ
DCXIX	εξακόσια δεκαεννιά
DCXX	εξακόσια είκοσι
DCXXI	εξακόσια είκοσι ένα
DCXXII	εξακόσια είκοσι δύο
DCXXIII	εξακόσια είκοσι τρία
DCXXIV	εξακόσια είκοσι τέσσερα
DCXXV	εξακόσια είκοσι πέντε
DCXXVI	εξακόσια είκοσι έξι
DCXXVII	εξακόσια είκοσι εφτά
DCXXVIII	εξακόσια είκοσι οχτώ
DCXXIX	εξακόσια είκοσι εννιά
DCXXX	εξακόσια τριάντα
DCXXXI	εξακόσια τριάντα ένα
DCXXXII	εξακόσια τριάντα δύο
DCXXXIII	εξακόσια τριάντα τρία
DCXXXIV	εξακόσια τριάντα τέσσερα
DCXXXV	εξακόσια τριάντα πέντε
DCXXXVI	εξακόσια τριάντα έξι
DCXXXVII	εξακόσια τριάντα εφτά
DCXXXVIII	εξακόσια τριάντα οχτώ
DCXXXIX	εξακόσια τριάντα εννιά
DCXL	εξακόσια σαράντα
DCXLI	εξακόσια σαράντα ένα
DCXLII	εξακόσια σαράντα δύο
DCXLIII	εξακόσια σαράντα τρία
DCXLIV	εξακόσια σαράντα τέσσερα
DCXLV	εξακόσια σαράντα πέντε
DCXLVI	εξακόσια σαράντα έξι
DCXLVII	εξακόσια σαράντα εφτά
DCXLVIII	εξακόσια σαράντα οχτώ
DCXLIX	εξακόσια σαράντα εννιά
DCL	εξακόσια πενήντα
DCLI	εξακόσια πενήντα ένα
DCLII	εξακόσια πενήντα δύο
DCLIII	εξακόσια πενήντα τρία
DCLIV	εξακόσια πενήντα τέσσερα
DCLV	εξακόσια πενήντα πέντε
DCLVI	εξακόσια πενήντα έξι
DCLVII	εξακόσια πενήντα εφτά
DCLVIII	εξακόσια πενήντα οχτώ
DCLIX	εξακόσια πενήντα εννιά
DCLX	εξακόσια εξήντα
DCLXI	εξακόσια εξήντα ένα
DCLXII	εξακόσια εξήντα δύο
DCLXIII	εξακόσια εξήντα τρία
DCLXIV	εξακόσια εξήντα τέσσερα
DCLXV	εξακόσια εξήντα πέντε
DCLXVI	εξακόσια εξήντα έξι
DCLXVII	εξακόσια εξήντα εφτά
DCLXVIII	εξακόσια εξήντα οχτώ
DCLXIX	εξακόσια εξήντα εννιά
DCLXX	εξακόσια εβδομήντα
DCLXXI	εξακόσια εβδομήντα ένα
DCLXXII	εξακόσια εβδομήντα δύο
DCLXXIII	εξακόσια εβδομήντα τρία
DCLXXIV	εξακόσια εβδομήντα τέσσερα
DCLXXV	εξακόσια εβδομήντα πέντε
DCLXXVI	εξακόσια εβδομήντα έξι
DCLXXVII	εξακόσια εβδομήντα εφτά
DCLXXVIII	εξακόσια εβδομήντα οχτώ
DCLXXIX	εξακόσια εβδομήντα εννιά
DCLXXX	εξακόσια ογδόντα
DCLXXXI	εξακόσια ογδόντα ένα
DCLXXXII	εξακόσια ογδόντα δύο
DCLXXXIII	εξακόσια ογδόντα τρία
DCLXXXIV	εξακόσια ογδόντα τέσσερα
DCLXXXV	εξακόσια ογδόντα πέντε
DCLXXXVI	εξακόσια ογδόντα έξι
DCLXXXVII	εξακόσια ογδόντα εφτά
DCLXXXVIII	εξακόσια ογδόντα οχτώ
DCLXXXIX	εξακόσια ογδόντα εννιά
DCXC	εξακόσια ενενήντα
DCXCI	εξακόσια ενενήντα ένα
DCXCII	εξακόσια ενενήντα δύο
DCXCIII	εξακόσια ενενήντα τρία
DCXCIV	εξακόσια ενενήντα τέσσερα
DCXCV	εξακόσια ενενήντα πέντε
DCXCVI	εξακόσια ενενήντα έξι
DCXCVII	εξακόσια ενενήντα εφτά
DCXCVIII	εξακόσια ενενήντα οχτώ
DCXCIX	εξακόσια ενενήντα εννιά
DCC	εφτακόσια
DCCI	εφτακόσια ένα
DCCII	εφτακόσια δύο
DCCIII	εφτακόσια τρία
DCCIV	εφτακόσια τέσσερα
DCCV	εφτακόσια πέντε
DCCVI	εφτακόσια έξι
DCCVII	εφτακόσια εφτά
DCCVIII	εφτακόσια οχτώ
DCCIX	εφτακόσια εννιά
DCCX	εφτακόσια δέκα
DCCXI	εφτακόσια έντεκα
DCCXII	εφτακόσια δώδεκα
DCCXIII	εφτακόσια δεκατρία
DCCXIV	εφτακόσια δεκατέσσερα
DCCXV	εφτακόσια δεκαπέντε
DCCXVI	εφτακόσια δεκαέξι
DCCXVII	εφτακόσια δεκαεφτά
DCCXVIII	εφτακόσια δεκαοχτώ
DCCXIX	εφτακόσια δεκαεννιά
DCCXX	εφτακόσια είκοσι
DCCXXI	εφτακόσια είκοσι ένα
DCCXXII	εφτακόσια είκοσι δύο
DCCXXIII	εφτακόσια είκοσι τρία
DCCXXIV	εφτακόσια είκοσι τέσσερα
DCCXXV	εφτακόσια είκοσι πέντε
DCCXXVI	εφτακόσια είκοσι έξι
DCCXXVII	εφτακόσια είκοσι εφτά
DCCXXVIII	εφτακόσια είκοσι οχτώ
DCCXXIX	εφτακόσια είκοσι εννιά
DCCXXX	εφτακόσια τριάντα
DCCXXXI	εφτακόσια τριάντα ένα
DCCXXXII	εφτακόσια τριάντα δύο
DCCXXXIII	εφτακόσια τριάντα τρία
DCCXXXIV	εφτακόσια τριάντα τέσσερα
DCCXXXV	εφτακόσια τριάντα πέντε
DCCXXXVI	εφτακόσια τριάντα έξι
DCCXXXVII	εφτακόσια τριάντα εφτά
DCCXXXVIII	εφτακόσια τριάντα οχτώ
DCCXXXIX	εφτακόσια τριάντα εννιά
DCCXL	εφτακόσια σαράντα
DCCXLI	εφτακόσια σαράντα ένα
DCCXLII	εφτακόσια σαράντα δύο
DCCXLIII	εφτακόσια σαράντα τρία
DCCXLIV	εφτακόσια σαράντα τέσσερα
DCCXLV	εφτακόσια σαράντα πέντε
DCCXLVI	εφτακόσια σαράντα έξι
DCCXLVII	εφτακόσια σαράντα εφτά
DCCXLVIII	εφτακόσια σαράντα οχτώ
DCCXLIX	εφτακόσια σαράντα εννιά
DCCL	εφτακόσια πενήντα
DCCLI	εφτακόσια πενήντα ένα
DCCLII	εφτακόσια πενήντα δύο
DCCLIII	εφτακόσια πενήντα τρία
DCCLIV	εφτακόσια πενήντα τέσσερα
DCCLV	εφτακόσια πενήντα πέντε
DCCLVI	εφτακόσια πενήντα έξι
DCCLVII	εφτακόσια πενήντα εφτά
DCCLVIII	εφτακόσια πενήντα οχτώ
DCCLIX	εφτακόσια πενήντα εννιά
DCCLX	εφτακόσια εξήντα
DCCLXI	εφτακόσια εξήντα ένα
DCCLXII	εφτακόσια εξήντα δύο
DCCLXIII	εφτακόσια εξήντα τρία
DCCLXIV	εφτακόσια εξήντα τέσσερα
DCCLXV	εφτακόσια εξήντα πέντε
DCCLXVI	εφτακόσια εξήντα έξι
DCCLXVII	εφτακόσια εξήντα εφτά
DCCLXVIII	εφτακόσια εξήντα οχτώ
DCCLXIX	εφτακόσια εξήντα εννιά
DCCLXX	εφτακόσια εβδομήντα
DCCLXXI	εφτακόσια εβδομήντα ένα
DCCLXXII	εφτακόσια εβδομήντα δύο
DCCLXXIII	εφτακόσια εβδομήντα τρία
DCCLXXIV	εφτακόσια εβδομήντα τέσσερα
DCCLXXV	εφτακόσια εβδομήντα πέντε
DCCLXXVI	εφτακόσια εβδομήντα έξι
DCCLXXVII	εφτακόσια εβδομήντα εφτά
DCCLXXVIII	εφτακόσια εβδομήντα οχτώ
DCCLXXIX	εφτακόσια εβδομήντα εννιά
DCCLXXX	εφτακόσια ογδόντα
DCCLXXXI	εφτακόσια ογδόντα ένα
DCCLXXXII	εφτακόσια ογδόντα δύο
DCCLXXXIII	εφτακόσια ογδόντα τρία
DCCLXXXIV	εφτακόσια ογδόντα τέσσερα
DCCLXXXV	εφτακόσια ογδόντα πέντε
DCCLXXXVI	εφτακόσια ογδόντα έξι
DCCLXXXVII	εφτακόσια ογδόντα εφτά
DCCLXXXVIII	εφτακόσια ογδόντα οχτώ
DCCLXXXIX	εφτακόσια ογδόντα εννιά
DCCXC	εφτακόσια ενενήντα
DCCXCI	εφτακόσια ενενήντα ένα
DCCXCII	εφτακόσια ενενήντα δύο
DCCXCIII	εφτακόσια ενενήντα τρία
DCCXCIV	εφτακόσια ενενήντα τέσσερα
DCCXCV	εφτακόσια ενενήντα πέντε
DCCXCVI	εφτακόσια ενενήντα έξι
DCCXCVII	εφτακόσια ενενήντα εφτά
DCCXCVIII	εφτακόσια ενενήντα οχτώ
DCCXCIX	εφτακόσια ενενήντα εννιά
DCCC	οχτακόσια
DCCCI	οχτακόσια ένα
DCCCII	οχτακόσια δύο
DCCCIII	οχτακόσια τρία
DCCCIV	οχτακόσια τέσσερα
DCCCV	οχτακόσια πέντε
DCCCVI	οχτακόσια έξι
DCCCVII	οχτακόσια εφτά
DCCCVIII	οχτακόσια οχτώ
DCCCIX	οχτακόσια εννιά
DCCCX	οχτακόσια δέκα
DCCCXI	οχτακόσια έντεκα
DCCCXII	οχτακόσια δώδεκα
DCCCXIII	οχτακόσια δεκατρία
DCCCXIV	οχτακόσια δεκατέσσερα
DCCCXV	οχτακόσια δεκαπέντε
DCCCXVI	οχτακόσια δεκαέξι
DCCCXVII	οχτακόσια δεκαεφτά
DCCCXVIII	οχτακόσια δεκαοχτώ
DCCCXIX	οχτακόσια δεκαεννιά
DCCCXX	οχτακόσια είκοσι
DCCCXXI	οχτακόσια είκοσι ένα
DCCCXXII	οχτακόσια είκοσι δύο
DCCCXXIII	οχτακόσια είκοσι τρία
DCCCXXIV	οχτακόσια είκοσι τέσσερα
DCCCXXV	οχτακόσια είκοσι πέντε
DCCCXXVI	οχτακόσια είκοσι έξι
DCCCXXVII	οχτακόσια είκοσι εφτά
DCCCXXVIII	οχτακόσια είκοσι οχτώ
DCCCXXIX	οχτακόσια είκοσι εννιά
DCCCXXX	οχτακόσια τριάντα
DCCCXXXI	οχτακόσια τριάντα ένα
DCCCXXXII	οχτακόσια τριάντα δύο
DCCCXXXIII	οχτακόσια τριάντα τρία
DCCCXXXIV	οχτακόσια τριάντα τέσσερα
DCCCXXXV	οχτακόσια τριάντα πέντε
DCCCXXXVI	οχτακόσια τριάντα έξι
DCCCXXXVII	οχτακόσια τριάντα εφτά
DCCCXXXVIII	οχτακόσια τριάντα οχτώ
DCCCXXXIX	οχτακόσια τριάντα εννιά
DCCCXL	οχτακόσια σαράντα
DCCCXLI	οχτακόσια σαράντα ένα
DCCCXLII	οχτακόσια σαράντα δύο
DCCCXLIII	οχτακόσια σαράντα τρία
DCCCXLIV	οχτακόσια σαράντα τέσσερα
DCCCXLV	οχτακόσια σαράντα πέντε
DCCCXLVI	οχτακόσια σαράντα έξι
DCCCXLVII	οχτακόσια σαράντα εφτά
DCCCXLVIII	οχτακόσια σαράντα οχτώ
DCCCXLIX	οχτακόσια σαράντα εννιά
DCCCL	οχτακόσια πενήντα
DCCCLI	οχτακόσια πενήντα ένα
DCCCLII	οχτακόσια πενήντα δύο
DCCCLIII	οχτακόσια πενήντα τρία
DCCCLIV	οχτακόσια πενήντα τέσσερα
DCCCLV	οχτακόσια πενήντα πέντε
DCCCLVI	οχτακόσια πενήντα έξι
DCCCLVII	οχτακόσια πενήντα εφτά
DCCCLVIII	οχτακόσια πενήντα οχτώ
DCCCLIX	οχτακόσια πενήντα εννιά
DCCCLX	οχτακόσια εξήντα
DCCCLXI	οχτακόσια εξήντα ένα
DCCCLXII	οχτακόσια εξήντα δύο
DCCCLXIII	οχτακόσια εξήντα τρία
DCCCLXIV	οχτακόσια εξήντα τέσσερα
DCCCLXV	οχτακόσια εξήντα πέντε
DCCCLXVI	οχτακόσια εξήντα έξι
DCCCLXVII	οχτακόσια εξήντα εφτά
DCCCLXVIII	οχτακόσια εξήντα οχτώ
DCCCLXIX	οχτακόσια εξήντα εννιά
DCCCLXX	οχτακόσια εβδομήντα
DCCCLXXI	οχτακόσια εβδομήντα ένα
DCCCLXXII	οχτακόσια εβδομήντα δύο
DCCCLXXIII	οχτακόσια εβδομήντα τρία
DCCCLXXIV	οχτακόσια εβδομήντα τέσσερα
DCCCLXXV	οχτακόσια εβδομήντα πέντε
DCCCLXXVI	οχτακόσια εβδομήντα έξι
DCCCLXXVII	οχτακόσια εβδομήντα εφτά
DCCCLXXVIII	οχτακόσια εβδομήντα οχτώ
DCCCLXXIX	οχτακόσια εβδομήντα εννιά
DCCCLXXX	οχτακόσια ογδόντα
DCCCLXXXI	οχτακόσια ογδόντα ένα
DCCCLXXXII	οχτακόσια ογδόντα δύο
DCCCLXXXIII	οχτακόσια ογδόντα τρία
DCCCLXXXIV	οχτακόσια ογδόντα τέσσερα
DCCCLXXXV	οχτακόσια ογδόντα πέντε
DCCCLXXXVI	οχτακόσια ογδόντα έξι
DCCCLXXXVII	οχτακόσια ογδόντα εφτά
DCCCLXXXVIII	οχτακόσια ογδόντα οχτώ
DCCCLXXXIX	οχτακόσια ογδόντα εννιά
DCCCXC	οχτακόσια ενενήντα
DCCCXCI	οχτακόσια ενενήντα ένα
DCCCXCII	οχτακόσια ενενήντα δύο
DCCCXCIII	οχτακόσια ενενήντα τρία
DCCCXCIV	οχτακόσια ενενήντα τέσσερα
DCCCXCV	οχτακόσια ενενήντα πέντε
DCCCXCVI	οχτακόσια ενενήντα έξι
DCCCXCVII	οχτακόσια ενενήντα εφτά
DCCCXCVIII	οχτακόσια ενενήντα οχτώ
DCCCXCIX	οχτακόσια ενενήντα εννιά
CM	εννιακόσια
CMI	εννιακόσια ένα
CMII	εννιακόσια δύο
CMIII	εννιακόσια τρία
CMIV	εννιακόσια τέσσερα
CMV	εννιακόσια πέντε
CMVI	εννιακόσια έξι
CMVII	εννιακόσια εφτά
CMVIII	εννιακόσια οχτώ
CMIX	εννιακόσια εννιά
CMX	εννιακόσια δέκα
CMXI	εννιακόσια έντεκα
CMXII	εννιακόσια δώδεκα
CMXIII	εννιακόσια δεκατρία
CMXIV	εννιακόσια δεκατέσσερα
CMXV	εννιακόσια δεκαπέντε
CMXVI	εννιακόσια δεκαέξι
CMXVII	εννιακόσια δεκαεφτά
CMXVIII	εννιακόσια δεκαοχτώ
CMXIX	εννιακόσια δεκαεννιά
CMXX	εννιακόσια είκοσι
CMXXI	εννιακόσια είκοσι ένα
CMXXII	εννιακόσια είκοσι δύο
CMXXIII	εννιακόσια είκοσι τρία
CMXXIV	εννιακόσια είκοσι τέσσερα
CMXXV	εννιακόσια είκοσι πέντε
CMXXVI	εννιακόσια είκοσι έξι
CMXXVII	εννιακόσια είκοσι εφτά
CMXXVIII	εννιακόσια είκοσι οχτώ
CMXXIX	εννιακόσια είκοσι εννιά
CMXXX	εννιακόσια τριάντα
CMXXXI	εννιακόσια τριάντα ένα
CMXXXII	εννιακόσια τριάντα δύο
CMXXXIII	εννιακόσια τριάντα τρία
CMXXXIV	εννιακόσια τριάντα τέσσερα
CMXXXV	εννιακόσια τριάντα πέντε
CMXXXVI	εννιακόσια τριάντα έξι
CMXXXVII	εννιακόσια τριάντα εφτά
CMXXXVIII	εννιακόσια τριάντα οχτώ
CMXXXIX	εννιακόσια τριάντα εννιά
CMXL	εννιακόσια σαράντα
CMXLI	εννιακόσια σαράντα ένα
CMXLII	εννιακόσια σαράντα δύο
CMXLIII	εννιακόσια σαράντα τρία
CMXLIV	εννιακόσια σαράντα τέσσερα
CMXLV	εννιακόσια σαράντα πέντε
CMXLVI	εννιακόσια σαράντα έξι
CMXLVII	εννιακόσια σαράντα εφτά
CMXLVIII	εννιακόσια σαράντα οχτώ
CMXLIX	εννιακόσια σαράντα εννιά
CML	εννιακόσια πενήντα
CMLI	εννιακόσια πενήντα ένα
CMLII	εννιακόσια πενήντα δύο
CMLIII	εννιακόσια πενήντα τρία
CMLIV	εννιακόσια πενήντα τέσσερα
CMLV	εννιακόσια πενήντα πέντε
CMLVI	εννιακόσια πενήντα έξι
CMLVII	εννιακόσια πενήντα εφτά
CMLVIII	εννιακόσια πενήντα οχτώ
CMLIX	εννιακόσια πενήντα εννιά
CMLX	εννιακόσια εξήντα
CMLXI	εννιακόσια εξήντα ένα
CMLXII	εννιακόσια εξήντα δύο
CMLXIII	εννιακόσια εξήντα τρία
CMLXIV	εννιακόσια εξήντα τέσσερα
CMLXV	εννιακόσια εξήντα πέντε
CMLXVI	εννιακόσια εξήντα έξι
CMLXVII	εννιακόσια εξήντα εφτά
CMLXVIII	εννιακόσια εξήντα οχτώ
CMLXIX	εννιακόσια εξήντα εννιά
CMLXX	εννιακόσια εβδομήντα
CMLXXI	εννιακόσια εβδομήντα ένα
CMLXXII	εννιακόσια εβδομήντα δύο
CMLXXIII	εννιακόσια εβδομήντα τρία
CMLXXIV	εννιακόσια εβδομήντα τέσσερα
CMLXXV	εννιακόσια εβδομήντα πέντε
CMLXXVI	εννιακόσια εβδομήντα έξι
CMLXXVII	εννιακόσια εβδομήντα εφτά
CMLXXVIII	εννιακόσια εβδομήντα οχτώ
CMLXXIX	εννιακόσια εβδομήντα εννιά
CMLXXX	εννιακόσια ογδόντα
CMLXXXI	εννιακόσια ογδόντα ένα
CMLXXXII	εννιακόσια ογδόντα δύο
CMLXXXIII	εννιακόσια ογδόντα τρία
CMLXXXIV	εννιακόσια ογδόντα τέσσερα
CMLXXXV	εννιακόσια ογδόντα πέντε
CMLXXXVI	εννιακόσια ογδόντα έξι
CMLXXXVII	εννιακόσια ογδόντα εφτά
CMLXXXVIII	εννιακόσια ογδόντα οχτώ
CMLXXXIX	εννιακόσια ογδόντα εννιά
CMXC	εννιακόσια ενενήντα
CMXCI	εννιακόσια ενενήντα ένα
CMXCII	εννιακόσια ενενήντα δύο
CMXCIII	εννιακόσια ενενήντα τρία
CMXCIV	εννιακόσια ενενήντα τέσσερα
CMXCV	εννιακόσια ενενήντα πέντε
CMXCVI	εννιακόσια ενενήντα έξι
CMXCVII	εννιακόσια ενενήντα εφτά
CMXCVIII	εννιακόσια ενενήντα οχτώ
CMXCIX	εννιακόσια ενενήντα εννιά
M	χίλια
MI	χίλια ένα
MII	χίλια δύο
MIII	χίλια τρία
MIV	χίλια τέσσερα
MV	χίλια πέντε
MVI	χίλια έξι
MVII	χίλια εφτά
MVIII	χίλια οχτώ
MIX	χίλια εννιά
MX	χίλια δέκα
MXI	χίλια έντεκα
MXII	χίλια δώδεκα
MXIII	χίλια δεκατρία
MXIV	χίλια δεκατέσσερα
MXV	χίλια δεκαπέντε
MXVI	χίλια δεκαέξι
MXVII	χίλια δεκαεφτά
MXVIII	χίλια δεκαοχτώ
MXIX	χίλια δεκαεννιά
MXX	χίλια είκοσι
MXXI	χίλια είκοσι ένα
MXXII	χίλια είκοσι δύο
MXXIII	χίλια είκοσι τρία
MXXIV	χίλια είκοσι τέσσερα
MXXV	χίλια είκοσι πέντε
MXXVI	χίλια είκοσι έξι
MXXVII	χίλια είκοσι εφτά
MXXVIII	χίλια είκοσι οχτώ
MXXIX	χίλια είκοσι εννιά
MXXX	χίλια τριάντα
MXXXI	χίλια τριάντα ένα
MXXXII	χίλια τριάντα δύο
MXXXIII	χίλια τριάντα τρία
MXXXIV	χίλια τριάντα τέσσερα
MXXXV	χίλια τριάντα πέντε
MXXXVI	χίλια τριάντα έξι
MXXXVII	χίλια τριάντα εφτά
MXXXVIII	χίλια τριάντα οχτώ
MXXXIX	χίλια τριάντα εννιά
MXL	χίλια σαράντα
MXLI	χίλια σαράντα ένα
MXLII	χίλια σαράντα δύο
MXLIII	χίλια σαράντα τρία
MXLIV	χίλια σαράντα τέσσερα
MXLV	χίλια σαράντα πέντε
MXLVI	χίλια σαράντα έξι
MXLVII	χίλια σαράντα εφτά
MXLVIII	χίλια σαράντα οχτώ
MXLIX	χίλια σαράντα εννιά
ML	χίλια πενήντα
MLI	χίλια πενήντα ένα
MLII	χίλια πενήντα δύο
MLIII	χίλια πενήντα τρία
MLIV	χίλια πενήντα τέσσερα
MLV	χίλια πενήντα πέντε
MLVI	χίλια πενήντα έξι
MLVII	χίλια πενήντα εφτά
MLVIII	χίλια πενήντα οχτώ
MLIX	χίλια πενήντα εννιά
MLX	χίλια εξήντα
MLXI	χίλια εξήντα ένα
MLXII	χίλια εξήντα δύο
MLXIII	χίλια εξήντα τρία
MLXIV	χίλια εξήντα τέσσερα
MLXV	χίλια εξήντα πέντε
MLXVI	χίλια εξήντα έξι
MLXVII	χίλια εξήντα εφτά
MLXVIII	χίλια εξήντα οχτώ
MLXIX	χίλια εξήντα εννιά
MLXX	χίλια εβδομήντα
MLXXI	χίλια εβδομήντα ένα
MLXXII	χίλια εβδομήντα δύο
MLXXIII	χίλια εβδομήντα τρία
MLXXIV	χίλια εβδομήντα τέσσερα
MLXXV	χίλια εβδομήντα πέντε
MLXXVI	χίλια εβδομήντα έξι
MLXXVII	χίλια εβδομήντα εφτά
MLXXVIII	χίλια εβδομήντα οχτώ
MLXXIX	χίλια εβδομήντα εννιά
MLXXX	χίλια ογδόντα
MLXXXI	χίλια ογδόντα ένα
MLXXXII	χίλια ογδόντα δύο
MLXXXIII	χίλια ογδόντα τρία
MLXXXIV	χίλια ογδόντα τέσσερα
MLXXXV	χίλια ογδόντα πέντε
MLXXXVI	χίλια ογδόντα έξι
MLXXXVII	χίλια ογδόντα εφτά
MLXXXVIII	χίλια ογδόντα οχτώ
MLXXXIX	χίλια ογδόντα εννιά
MXC	χίλια ενενήντα
MXCI	χίλια ενενήντα ένα
MXCII	χίλια ενενήντα δύο
MXCIII	χίλια ενενήντα τρία
MXCIV	χίλια ενενήντα τέσσερα
MXCV	χίλια ενενήντα πέντε
MXCVI	χίλια ενενήντα έξι
MXCVII	χίλια ενενήντα εφτά
MXCVIII	χίλια ενενήντα οχτώ
MXCIX	χίλια ενενήντα εννιά
MC	χίλια εκατό
MCI	χίλια εκατόν ένα
MCII	χίλια εκατόν δύο
MCIII	χίλια εκατόν τρία
MCIV	χίλια εκατόν τέσσερα
MCV	χίλια εκατόν πέντε
MCVI	χίλια εκατόν έξι
MCVII	χίλια εκατόν εφτά
MCVIII	χίλια εκατόν οχτώ
MCIX	χίλια εκατόν εννιά
MCX	χίλια εκατόν δέκα
MCXI	χίλια εκατόν έντεκα
MCXII	χίλια εκατόν δώδεκα
MCXIII	χίλια εκατόν δεκατρία
MCXIV	χίλια εκατόν δεκατέσσερα
MCXV	χίλια εκατόν δεκαπέντε
MCXVI	χίλια εκατόν δεκαέξι
MCXVII	χίλια εκατόν δεκαεφτά
MCXVIII	χίλια εκατόν δεκαοχτώ
MCXIX	χίλια εκατόν δεκαεννιά
MCXX	χίλια εκατόν είκοσι
MCXXI	χίλια εκατόν είκοσι ένα
MCXXII	χίλια εκατόν είκοσι δύο
MCXXIII	χίλια εκατόν είκοσι τρία
MCXXIV	χίλια εκατόν είκοσι τέσσερα
MCXXV	χίλια εκατόν είκοσι πέντε
MCXXVI	χίλια εκατόν είκοσι έξι
MCXXVII	χίλια εκατόν είκοσι εφτά
MCXXVIII	χίλια εκατόν είκοσι οχτώ
MCXXIX	χίλια εκατόν είκοσι εννιά
MCXXX	χίλια εκατόν τριάντα
MCXXXI	χίλια εκατόν τριάντα ένα
MCXXXII	χίλια εκατόν τριάντα δύο
MCXXXIII	χίλια εκατόν τριάντα τρία
MCXXXIV	χίλια εκατόν τριάντα τέσσερα
MCXXXV	χίλια εκατόν τριάντα πέντε
MCXXXVI	χίλια εκατόν τριάντα έξι
MCXXXVII	χίλια εκατόν τριάντα εφτά
MCXXXVIII	χίλια εκατόν τριάντα οχτώ
MCXXXIX	χίλια εκατόν τριάντα εννιά
MCXL	χίλια εκατόν σαράντα
MCXLI	χίλια εκατόν σαράντα ένα
MCXLII	χίλια εκατόν σαράντα δύο
MCXLIII	χίλια εκατόν σαράντα τρία
MCXLIV	χίλια εκατόν σαράντα τέσσερα
MCXLV	χίλια εκατόν σαράντα πέντε
MCXLVI	χίλια εκατόν σαράντα έξι
MCXLVII	χίλια εκατόν σαράντα εφτά
MCXLVIII	χίλια εκατόν σαράντα οχτώ
MCXLIX	χίλια εκατόν σαράντα εννιά
MCL	χίλια εκατόν πενήντα
MCLI	χίλια εκατόν πενήντα ένα
MCLII	χίλια εκατόν πενήντα δύο
MCLIII	χίλια εκατόν πενήντα τρία
MCLIV	χίλια εκατόν πενήντα τέσσερα
MCLV	χίλια εκατόν πενήντα πέντε
MCLVI	χίλια εκατόν πενήντα έξι
MCLVII	χίλια εκατόν πενήντα εφτά
MCLVIII	χίλια εκατόν πενήντα οχτώ
MCLIX	χίλια εκατόν πενήντα εννιά
MCLX	χίλια εκατόν εξήντα
MCLXI	χίλια εκατόν εξήντα ένα
MCLXII	χίλια εκατόν εξήντα δύο
MCLXIII	χίλια εκατόν εξήντα τρία
MCLXIV	χίλια εκατόν εξήντα τέσσερα
MCLXV	χίλια εκατόν εξήντα πέντε
MCLXVI	χίλια εκατόν εξήντα έξι
MCLXVII	χίλια εκατόν εξήντα εφτά
MCLXVIII	χίλια εκατόν εξήντα οχτώ
MCLXIX	χίλια εκατόν εξήντα εννιά
MCLXX	χίλια εκατόν εβδομήντα
MCLXXI	χίλια εκατόν εβδομήντα ένα
MCLXXII	χίλια εκατόν εβδομήντα δύο
MCLXXIII	χίλια εκατόν εβδομήντα τρία
MCLXXIV	χίλια εκατόν εβδομήντα τέσσερα
MCLXXV	χίλια εκατόν εβδομήντα πέντε
MCLXXVI	χίλια εκατόν εβδομήντα έξι
MCLXXVII	χίλια εκατόν εβδομήντα εφτά
MCLXXVIII	χίλια εκατόν εβδομήντα οχτώ
MCLXXIX	χίλια εκατόν εβδομήντα εννιά
MCLXXX	χίλια εκατόν ογδόντα
MCLXXXI	χίλια εκατόν ογδόντα ένα
MCLXXXII	χίλια εκατόν ογδόντα δύο
MCLXXXIII	χίλια εκατόν ογδόντα τρία
MCLXXXIV	χίλια εκατόν ογδόντα τέσσερα
MCLXXXV	χίλια εκατόν ογδόντα πέντε
MCLXXXVI	χίλια εκατόν ογδόντα έξι
MCLXXXVII	χίλια εκατόν ογδόντα εφτά
MCLXXXVIII	χίλια εκατόν ογδόντα οχτώ
MCLXXXIX	χίλια εκατόν ογδόντα εννιά
MCXC	χίλια εκατόν ενενήντα
MCXCI	χίλια εκατόν ενενήντα ένα
MCXCII	χίλια εκατόν ενενήντα δύο
MCXCIII	χίλια εκατόν ενενήντα τρία
MCXCIV	χίλια εκατόν ενενήντα τέσσερα
MCXCV	χίλια εκατόν ενενήντα πέντε
MCXCVI	χίλια εκατόν ενενήντα έξι
MCXCVII	χίλια εκατόν ενενήντα εφτά
MCXCVIII	χίλια εκατόν ενενήντα οχτώ
MCXCIX	χίλια εκατόν ενενήντα εννιά
MCC	χίλια διακόσια
MCCI	χίλια διακόσια ένα
MCCII	χίλια διακόσια δύο
MCCIII	χίλια διακόσια τρία
MCCIV	χίλια διακόσια τέσσερα
MCCV	χίλια διακόσια πέντε
MCCVI	χίλια διακόσια έξι
MCCVII	χίλια διακόσια εφτά
MCCVIII	χίλια διακόσια οχτώ
MCCIX	χίλια διακόσια εννιά
MCCX	χίλια διακόσια δέκα
MCCXI	χίλια διακόσια έντεκα
MCCXII	χίλια διακόσια δώδεκα
MCCXIII	χίλια διακόσια δεκατρία
MCCXIV	χίλια διακόσια δεκατέσσερα
MCCXV	χίλια διακόσια δεκαπέντε
MCCXVI	χίλια διακόσια δεκαέξι
MCCXVII	χίλια διακόσια δεκαεφτά
MCCXVIII	χίλια διακόσια δεκαοχτώ
MCCXIX	χίλια διακόσια δεκαεννιά
MCCXX	χίλια διακόσια είκοσι
MCCXXI	χίλια διακόσια είκοσι ένα
MCCXXII	χίλια διακόσια είκοσι δύο
MCCXXIII	χίλια διακόσια είκοσι τρία
MCCXXIV	χίλια διακόσια είκοσι τέσσερα
MCCXXV	χίλια διακόσια είκοσι πέντε
MCCXXVI	χίλια διακόσια είκοσι έξι
MCCXXVII	χίλια διακόσια είκοσι εφτά
MCCXXVIII	χίλια διακόσια είκοσι οχτώ
MCCXXIX	χίλια διακόσια είκοσι εννιά
MCCXXX	χίλια διακόσια τριάντα
MCCXXXI	χίλια διακόσια τριάντα ένα
MCCXXXII	χίλια διακόσια τριάντα δύο
MCCXXXIII	χίλια διακόσια τριάντα τρία
MCCXXXIV	χίλια διακόσια τριάντα τέσσερα
MCCXXXV	χίλια διακόσια τριάντα πέντε
MCCXXXVI	χίλια διακόσια τριάντα έξι
MCCXXXVII	χίλια διακόσια τριάντα εφτά
MCCXXXVIII	χίλια διακόσια τριάντα οχτώ
MCCXXXIX	χίλια διακόσια τριάντα εννιά
MCCXL	χίλια διακόσια σαράντα
MCCXLI	χίλια διακόσια σαράντα ένα
MCCXLII	χίλια διακόσια σαράντα δύο
MCCXLIII	χίλια διακόσια σαράντα τρία
MCCXLIV	χίλια διακόσια σαράντα τέσσερα
MCCXLV	χίλια διακόσια σαράντα πέντε
MCCXLVI	χίλια διακόσια σαράντα έξι
MCCXLVII	χίλια διακόσια σαράντα εφτά
MCCXLVIII	χίλια διακόσια σαράντα οχτώ
MCCXLIX	χίλια διακόσια σαράντα εννιά
MCCL	χίλια διακόσια πενήντα
MCCLI	χίλια διακόσια πενήντα ένα
MCCLII	χίλια διακόσια πενήντα δύο
MCCLIII	χίλια διακόσια πενήντα τρία
MCCLIV	χίλια διακόσια πενήντα τέσσερα
MCCLV	χίλια διακόσια πενήντα πέντε
MCCLVI	χίλια διακόσια πενήντα έξι
MCCLVII	χίλια διακόσια πενήντα εφτά
MCCLVIII	χίλια διακόσια πενήντα οχτώ
MCCLIX	χίλια διακόσια πενήντα εννιά
MCCLX	χίλια διακόσια εξήντα
MCCLXI	χίλια διακόσια εξήντα ένα
MCCLXII	χίλια διακόσια εξήντα δύο
MCCLXIII	χίλια διακόσια εξήντα τρία
MCCLXIV	χίλια διακόσια εξήντα τέσσερα
MCCLXV	χίλια διακόσια εξήντα πέντε
MCCLXVI	χίλια διακόσια εξήντα έξι
MCCLXVII	χίλια διακόσια εξήντα εφτά
MCCLXVIII	χίλια διακόσια εξήντα οχτώ
MCCLXIX	χίλια διακόσια εξήντα εννιά
MCCLXX	χίλια διακόσια εβδομήντα
MCCLXXI	χίλια διακόσια εβδομήντα ένα
MCCLXXII	χίλια διακόσια εβδομήντα δύο
MCCLXXIII	χίλια διακόσια εβδομήντα τρία
MCCLXXIV	χίλια διακόσια εβδομήντα τέσσερα
MCCLXXV	χίλια διακόσια εβδομήντα πέντε
MCCLXXVI	χίλια διακόσια εβδομήντα έξι
MCCLXXVII	χίλια διακόσια εβδομήντα εφτά
MCCLXXVIII	χίλια διακόσια εβδομήντα οχτώ
MCCLXXIX	χίλια διακόσια εβδομήντα εννιά
MCCLXXX	χίλια διακόσια ογδόντα
MCCLXXXI	χίλια διακόσια ογδόντα ένα
MCCLXXXII	χίλια διακόσια ογδόντα δύο
MCCLXXXIII	χίλια διακόσια ογδόντα τρία
MCCLXXXIV	χίλια διακόσια ογδόντα τέσσερα
MCCLXXXV	χίλια διακόσια ογδόντα πέντε
MCCLXXXVI	χίλια διακόσια ογδόντα έξι
MCCLXXXVII	χίλια διακόσια ογδόντα εφτά
MCCLXXXVIII	χίλια διακόσια ογδόντα οχτώ
MCCLXXXIX	χίλια διακόσια ογδόντα εννιά
MCCXC	χίλια διακόσια ενενήντα
MCCXCI	χίλια διακόσια ενενήντα ένα
MCCXCII	χίλια διακόσια ενενήντα δύο
MCCXCIII	χίλια διακόσια ενενήντα τρία
MCCXCIV	χίλια διακόσια ενενήντα τέσσερα
MCCXCV	χίλια διακόσια ενενήντα πέντε
MCCXCVI	χίλια διακόσια ενενήντα έξι
MCCXCVII	χίλια διακόσια ενενήντα εφτά
MCCXCVIII	χίλια διακόσια ενενήντα οχτώ
MCCXCIX	χίλια διακόσια ενενήντα εννιά
MCCC	χίλια τριακόσια
MCCCI	χίλια τριακόσια ένα
MCCCII	χίλια τριακόσια δύο
MCCCIII	χίλια τριακόσια τρία
MCCCIV	χίλια τριακόσια τέσσερα
MCCCV	χίλια τριακόσια πέντε
MCCCVI	χίλια τριακόσια έξι
MCCCVII	χίλια τριακόσια εφτά
MCCCVIII	χίλια τριακόσια οχτώ
MCCCIX	χίλια τριακόσια εννιά
MCCCX	χίλια τριακόσια δέκα
MCCCXI	χίλια τριακόσια έντεκα
MCCCXII	χίλια τριακόσια δώδεκα
MCCCXIII	χίλια τριακόσια δεκατρία
MCCCXIV	χίλια τριακόσια δεκατέσσερα
MCCCXV	χίλια τριακόσια δεκαπέντε
MCCCXVI	χίλια τριακόσια δεκαέξι
MCCCXVII	χίλια τριακόσια δεκαεφτά
MCCCXVIII	χίλια τριακόσια δεκαοχτώ
MCCCXIX	χίλια τριακόσια δεκαεννιά
MCCCXX	χίλια τριακόσια είκοσι
MCCCXXI	χίλια τριακόσια είκοσι ένα
MCCCXXII	χίλια τριακόσια είκοσι δύο
MCCCXXIII	χίλια τριακόσια είκοσι τρία
MCCCXXIV	χίλια τριακόσια είκοσι τέσσερα
MCCCXXV	χίλια τριακόσια είκοσι πέντε
MCCCXXVI	χίλια τριακόσια είκοσι έξι
MCCCXXVII	χίλια τριακόσια είκοσι εφτά
MCCCXXVIII	χίλια τριακόσια είκοσι οχτώ
MCCCXXIX	χίλια τριακόσια είκοσι εννιά
MCCCXXX	χίλια τριακόσια τριάντα
MCCCXXXI	χίλια τριακόσια τριάντα ένα
MCCCXXXII	χίλια τριακόσια τριάντα δύο
MCCCXXXIII	χίλια τριακόσια τριάντα τρία
MCCCXXXIV	χίλια τριακόσια τριάντα τέσσερα
MCCCXXXV	χίλια τριακόσια τριάντα πέντε
MCCCXXXVI	χίλια τριακόσια τριάντα έξι
MCCCXXXVII	χίλια τριακόσια τριάντα εφτά
MCCCXXXVIII	χίλια τριακόσια τριάντα οχτώ
MCCCXXXIX	χίλια τριακόσια τριάντα εννιά
MCCCXL	χίλια τριακόσια σαράντα
MCCCXLI	χίλια τριακόσια σαράντα ένα
MCCCXLII	χίλια τριακόσια σαράντα δύο
MCCCXLIII	χίλια τριακόσια σαράντα τρία
MCCCXLIV	χίλια τριακόσια σαράντα τέσσερα
MCCCXLV	χίλια τριακόσια σαράντα πέντε
MCCCXLVI	χίλια τριακόσια σαράντα έξι
MCCCXLVII	χίλια τριακόσια σαράντα εφτά
MCCCXLVIII	χίλια τριακόσια σαράντα οχτώ
MCCCXLIX	χίλια τριακόσια σαράντα εννιά
MCCCL	χίλια τριακόσια πενήντα
MCCCLI	χίλια τριακόσια πενήντα ένα
MCCCLII	χίλια τριακόσια πενήντα δύο
MCCCLIII	χίλια τριακόσια πενήντα τρία
MCCCLIV	χίλια τριακόσια πενήντα τέσσερα
MCCCLV	χίλια τριακόσια πενήντα πέντε
MCCCLVI	χίλια τριακόσια πενήντα έξι
MCCCLVII	χίλια τριακόσια πενήντα εφτά
MCCCLVIII	χίλια τριακόσια πενήντα οχτώ
MCCCLIX	χίλια τριακόσια πενήντα εννιά
MCCCLX	χίλια τριακόσια εξήντα
MCCCLXI	χίλια τριακόσια εξήντα ένα
MCCCLXII	χίλια τριακόσια εξήντα δύο
MCCCLXIII	χίλια τριακόσια εξήντα τρία
MCCCLXIV	χίλια τριακόσια εξήντα τέσσερα
MCCCLXV	χίλια τριακόσια εξήντα πέντε
MCCCLXVI	χίλια τριακόσια εξήντα έξι
MCCCLXVII	χίλια τριακόσια εξήντα εφτά
MCCCLXVIII	χίλια τριακόσια εξήντα οχτώ
MCCCLXIX	χίλια τριακόσια εξήντα εννιά
MCCCLXX	χίλια τριακόσια εβδομήντα
MCCCLXXI	χίλια τριακόσια εβδομήντα ένα
MCCCLXXII	χίλια τριακόσια εβδομήντα δύο
MCCCLXXIII	χίλια τριακόσια εβδομήντα τρία
MCCCLXXIV	χίλια τριακόσια εβδομήντα τέσσερα
MCCCLXXV	χίλια τριακόσια εβδομήντα πέντε
MCCCLXXVI	χίλια τριακόσια εβδομήντα έξι
MCCCLXXVII	χίλια τριακόσια εβδομήντα εφτά
MCCCLXXVIII	χίλια τριακόσια εβδομήντα οχτώ
MCCCLXXIX	χίλια τριακόσια εβδομήντα εννιά
MCCCLXXX	χίλια τριακόσια ογδόντα
MCCCLXXXI	χίλια τριακόσια ογδόντα ένα
MCCCLXXXII	χίλια τριακόσια ογδόντα δύο
MCCCLXXXIII	χίλια τριακόσια ογδόντα τρία
MCCCLXXXIV	χίλια τριακόσια ογδόντα τέσσερα
MCCCLXXXV	χίλια τριακόσια ογδόντα πέντε
MCCCLXXXVI	χίλια τριακόσια ογδόντα έξι
MCCCLXXXVII	χίλια τριακόσια ογδόντα εφτά
MCCCLXXXVIII	χίλια τριακόσια ογδόντα οχτώ
MCCCLXXXIX	χίλια τριακόσια ογδόντα εννιά
MCCCXC	χίλια τριακόσια ενενήντα
MCCCXCI	χίλια τριακόσια ενενήντα ένα
MCCCXCII	χίλια τριακόσια ενενήντα δύο
MCCCXCIII	χίλια τριακόσια ενενήντα τρία
MCCCXCIV	χίλια τριακόσια ενενήντα τέσσερα
MCCCXCV	χίλια τριακόσια ενενήντα πέντε
MCCCXCVI	χίλια τριακόσια ενενήντα έξι
MCCCXCVII	χίλια τριακόσια ενενήντα εφτά
MCCCXCVIII	χίλια τριακόσια ενενήντα οχτώ
MCCCXCIX	χίλια τριακόσια ενενήντα εννιά
MCD	χίλια τετρακόσια
MCDI	χίλια τετρακόσια ένα
MCDII	χίλια τετρακόσια δύο
MCDIII	χίλια τετρακόσια τρία
MCDIV	χίλια τετρακόσια τέσσερα
MCDV	χίλια τετρακόσια πέντε
MCDVI	χίλια τετρακόσια έξι
MCDVII	χίλια τετρακόσια εφτά
MCDVIII	χίλια τετρακόσια οχτώ
MCDIX	χίλια τετρακόσια εννιά
MCDX	χίλια τετρακόσια δέκα
MCDXI	χίλια τετρακόσια έντεκα
MCDXII	χίλια τετρακόσια δώδεκα
MCDXIII	χίλια τετρακόσια δεκατρία
MCDXIV	χίλια τετρακόσια δεκατέσσερα
MCDXV	χίλια τετρακόσια δεκαπέντε
MCDXVI	χίλια τετρακόσια δεκαέξι
MCDXVII	χίλια τετρακόσια δεκαεφτά
MCDXVIII	χίλια τετρακόσια δεκαοχτώ
MCDXIX	χίλια τετρακόσια δεκαεννιά
MCDXX	χίλια τετρακόσια είκοσι
MCDXXI	χίλια τετρακόσια είκοσι ένα
MCDXXII	χίλια τετρακόσια είκοσι δύο
MCDXXIII	χίλια τετρακόσια είκοσι τρία
MCDXXIV	χίλια τετρακόσια είκοσι τέσσερα
MCDXXV	χίλια τετρακόσια είκοσι πέντε
MCDXXVI	χίλια τετρακόσια είκοσι έξι
MCDXXVII	χίλια τετρακόσια είκοσι εφτά
MCDXXVIII	χίλια τετρακόσια είκοσι οχτώ
MCDXXIX	χίλια τετρακόσια είκοσι εννιά
MCDXXX	χίλια τετρακόσια τριάντα
MCDXXXI	χίλια τετρακόσια τριάντα ένα
MCDXXXII	χίλια τετρακόσια τριάντα δύο
MCDXXXIII	χίλια τετρακόσια τριάντα τρία
MCDXXXIV	χίλια τετρακόσια τριάντα τέσσερα
MCDXXXV	χίλια τετρακόσια τριάντα πέντε
MCDXXXVI	χίλια τετρακόσια τριάντα έξι
MCDXXXVII	χίλια τετρακόσια τριάντα εφτά
MCDXXXVIII	χίλια τετρακόσια τριάντα οχτώ
MCDXXXIX	χίλια τετρακόσια τριάντα εννιά
MCDXL	χίλια τετρακόσια σαράντα
MCDXLI	χίλια τετρακόσια σαράντα ένα
MCDXLII	χίλια τετρακόσια σαράντα δύο
MCDXLIII	χίλια τετρακόσια σαράντα τρία
MCDXLIV	χίλια τετρακόσια σαράντα τέσσερα
MCDXLV	χίλια τετρακόσια σαράντα πέντε
MCDXLVI	χίλια τετρακόσια σαράντα έξι
MCDXLVII	χίλια τετρακόσια σαράντα εφτά
MCDXLVIII	χίλια τετρακόσια σαράντα οχτώ
MCDXLIX	χίλια τετρακόσια σαράντα εννιά
MCDL	χίλια τετρακόσια πενήντα
MCDLI	χίλια τετρακόσια πενήντα ένα
MCDLII	χίλια τετρακόσια πενήντα δύο
MCDLIII	χίλια τετρακόσια πενήντα τρία
MCDLIV	χίλια τετρακόσια πενήντα τέσσερα
MCDLV	χίλια τετρακόσια πενήντα πέντε
MCDLVI	χίλια τετρακόσια πενήντα έξι
MCDLVII	χίλια τετρακόσια πενήντα εφτά
MCDLVIII	χίλια τετρακόσια πενήντα οχτώ
MCDLIX	χίλια τετρακόσια πενήντα εννιά
MCDLX	χίλια τετρακόσια εξήντα
MCDLXI	χίλια τετρακόσια εξήντα ένα
MCDLXII	χίλια τετρακόσια εξήντα δύο
MCDLXIII	χίλια τετρακόσια εξήντα τρία
MCDLXIV	χίλια τετρακόσια εξήντα τέσσερα
MCDLXV	χίλια τετρακόσια εξήντα πέντε
MCDLXVI	χίλια τετρακόσια εξήντα έξι
MCDLXVII	χίλια τετρακόσια εξήντα εφτά
MCDLXVIII	χίλια τετρακόσια εξήντα οχτώ
MCDLXIX	χίλια τετρακόσια εξήντα εννιά
MCDLXX	χίλια τετρακόσια εβδομήντα
MCDLXXI	χίλια τετρακόσια εβδομήντα ένα
MCDLXXII	χίλια τετρακόσια εβδομήντα δύο
MCDLXXIII	χίλια τετρακόσια εβδομήντα τρία
MCDLXXIV	χίλια τετρακόσια εβδομήντα τέσσερα
MCDLXXV	χίλια τετρακόσια εβδομήντα πέντε
MCDLXXVI	χίλια τετρακόσια εβδομήντα έξι
MCDLXXVII	χίλια τετρακόσια εβδομήντα εφτά
MCDLXXVIII	χίλια τετρακόσια εβδομήντα οχτώ
MCDLXXIX	χίλια τετρακόσια εβδομήντα εννιά
MCDLXXX	χίλια τετρακόσια ογδόντα
MCDLXXXI	χίλια τετρακόσια ογδόντα ένα
MCDLXXXII	χίλια τετρακόσια ογδόντα δύο
MCDLXXXIII	χίλια τετρακόσια ογδόντα τρία
MCDLXXXIV	χίλια τετρακόσια ογδόντα τέσσερα
MCDLXXXV	χίλια τετρακόσια ογδόντα πέντε
MCDLXXXVI	χίλια τετρακόσια ογδόντα έξι
MCDLXXXVII	χίλια τετρακόσια ογδόντα εφτά
MCDLXXXVIII	χίλια τετρακόσια ογδόντα οχτώ
MCDLXXXIX	χίλια τετρακόσια ογδόντα εννιά
MCDXC	χίλια τετρακόσια ενενήντα
MCDXCI	χίλια τετρακόσια ενενήντα ένα
MCDXCII	χίλια τετρακόσια ενενήντα δύο
MCDXCIII	χίλια τετρακόσια ενενήντα τρία
MCDXCIV	χίλια τετρακόσια ενενήντα τέσσερα
MCDXCV	χίλια τετρακόσια ενενήντα πέντε
MCDXCVI	χίλια τετρακόσια ενενήντα έξι
MCDXCVII	χίλια τετρακόσια ενενήντα εφτά
MCDXCVIII	χίλια τετρακόσια ενενήντα οχτώ
MCDXCIX	χίλια τετρακόσια ενενήντα εννιά
MD	χίλια πεντακόσια
MDI	χίλια πεντακόσια ένα
MDII	χίλια πεντακόσια δύο
MDIII	χίλια πεντακόσια τρία
MDIV	χίλια πεντακόσια τέσσερα
MDV	χίλια πεντακόσια πέντε
MDVI	χίλια πεντακόσια έξι
MDVII	χίλια πεντακόσια εφτά
MDVIII	χίλια πεντακόσια οχτώ
MDIX	χίλια πεντακόσια εννιά
MDX	χίλια πεντακόσια δέκα
MDXI	χίλια πεντακόσια έντεκα
MDXII	χίλια πεντακόσια δώδεκα
MDXIII	χίλια πεντακόσια δεκατρία
MDXIV	χίλια πεντακόσια δεκατέσσερα
MDXV	χίλια πεντακόσια δεκαπέντε
MDXVI	χίλια πεντακόσια δεκαέξι
MDXVII	χίλια πεντακόσια δεκαεφτά
MDXVIII	χίλια πεντακόσια δεκαοχτώ
MDXIX	χίλια πεντακόσια δεκαεννιά
MDXX	χίλια πεντακόσια είκοσι
MDXXI	χίλια πεντακόσια είκοσι ένα
MDXXII	χίλια πεντακόσια είκοσι δύο
MDXXIII	χίλια πεντακόσια είκοσι τρία
MDXXIV	χίλια πεντακόσια είκοσι τέσσερα
MDXXV	χίλια πεντακόσια είκοσι πέντε
MDXXVI	χίλια πεντακόσια είκοσι έξι
MDXXVII	χίλια πεντακόσια είκοσι εφτά
MDXXVIII	χίλια πεντακόσια είκοσι οχτώ
MDXXIX	χίλια πεντακόσια είκοσι εννιά
MDXXX	χίλια πεντακόσια τριάντα
MDXXXI	χίλια πεντακόσια τριάντα ένα
MDXXXII	χίλια πεντακόσια τριάντα δύο
MDXXXIII	χίλια πεντακόσια τριάντα τρία
MDXXXIV	χίλια πεντακόσια τριάντα τέσσερα
MDXXXV	χίλια πεντακόσια τριάντα πέντε
MDXXXVI	χίλια πεντακόσια τριάντα έξι
MDXXXVII	χίλια πεντακόσια τριάντα εφτά
MDXXXVIII	χίλια πεντακόσια τριάντα οχτώ
MDXXXIX	χίλια πεντακόσια τριάντα εννιά
MDXL	χίλια πεντακόσια σαράντα
MDXLI	χίλια πεντακόσια σαράντα ένα
MDXLII	χίλια πεντακόσια σαράντα δύο
MDXLIII	χίλια πεντακόσια σαράντα τρία
MDXLIV	χίλια πεντακόσια σαράντα τέσσερα
MDXLV	χίλια πεντακόσια σαράντα πέντε
MDXLVI	χίλια πεντακόσια σαράντα έξι
MDXLVII	χίλια πεντακόσια σαράντα εφτά
MDXLVIII	χίλια πεντακόσια σαράντα οχτώ
MDXLIX	χίλια πεντακόσια σαράντα εννιά
MDL	χίλια πεντακόσια πενήντα
MDLI	χίλια πεντακόσια πενήντα ένα
MDLII	χίλια πεντακόσια πενήντα δύο
MDLIII	χίλια πεντακόσια πενήντα τρία
MDLIV	χίλια πεντακόσια πενήντα τέσσερα
MDLV	χίλια πεντακόσια πενήντα πέντε
MDLVI	χίλια πεντακόσια πενήντα έξι
MDLVII	χίλια πεντακόσια πενήντα εφτά
MDLVIII	χίλια πεντακόσια πενήντα οχτώ
MDLIX	χίλια πεντακόσια πενήντα εννιά
MDLX	χίλια πεντακόσια εξήντα
MDLXI	χίλια πεντακόσια εξήντα ένα
MDLXII	χίλια πεντακόσια εξήντα δύο
MDLXIII	χίλια πεντακόσια εξήντα τρία
MDLXIV	χίλια πεντακόσια εξήντα τέσσερα
MDLXV	χίλια πεντακόσια εξήντα πέντε
MDLXVI	χίλια πεντακόσια εξήντα έξι
MDLXVII	χίλια πεντακόσια εξήντα εφτά
MDLXVIII	χίλια πεντακόσια εξήντα οχτώ
MDLXIX	χίλια πεντακόσια εξήντα εννιά
MDLXX	χίλια πεντακόσια εβδομήντα
MDLXXI	χίλια πεντακόσια εβδομήντα ένα
MDLXXII	χίλια πεντακόσια εβδομήντα δύο
MDLXXIII	χίλια πεντακόσια εβδομήντα τρία
MDLXXIV	χίλια πεντακόσια εβδομήντα τέσσερα
MDLXXV	χίλια πεντακόσια εβδομήντα πέντε
MDLXXVI	χίλια πεντακόσια εβδομήντα έξι
MDLXXVII	χίλια πεντακόσια εβδομήντα εφτά
MDLXXVIII	χίλια πεντακόσια εβδομήντα οχτώ
MDLXXIX	χίλια πεντακόσια εβδομήντα εννιά
MDLXXX	χίλια πεντακόσια ογδόντα
MDLXXXI	χίλια πεντακόσια ογδόντα ένα
MDLXXXII	χίλια πεντακόσια ογδόντα δύο
MDLXXXIII	χίλια πεντακόσια ογδόντα τρία
MDLXXXIV	χίλια πεντακόσια ογδόντα τέσσερα
MDLXXXV	χίλια πεντακόσια ογδόντα πέντε
MDLXXXVI	χίλια πεντακόσια ογδόντα έξι
MDLXXXVII	χίλια πεντακόσια ογδόντα εφτά
MDLXXXVIII	χίλια πεντακόσια ογδόντα οχτώ
MDLXXXIX	χίλια πεντακόσια ογδόντα εννιά
MDXC	χίλια πεντακόσια ενενήντα
MDXCI	χίλια πεντακόσια ενενήντα ένα
MDXCII	χίλια πεντακόσια ενενήντα δύο
MDXCIII	χίλια πεντακόσια ενενήντα τρία
MDXCIV	χίλια πεντακόσια ενενήντα τέσσερα
MDXCV	χίλια πεντακόσια ενενήντα πέντε
MDXCVI	χίλια πεντακόσια ενενήντα έξι
MDXCVII	χίλια πεντακόσια ενενήντα εφτά
MDXCVIII	χίλια πεντακόσια ενενήντα οχτώ
MDXCIX	χίλια πεντακόσια ενενήντα εννιά
MDC	χίλια εξακόσια
MDCI	χίλια εξακόσια ένα
MDCII	χίλια εξακόσια δύο
MDCIII	χίλια εξακόσια τρία
MDCIV	χίλια εξακόσια τέσσερα
MDCV	χίλια εξακόσια πέντε
MDCVI	χίλια εξακόσια έξι
MDCVII	χίλια εξακόσια εφτά
MDCVIII	χίλια εξακόσια οχτώ
MDCIX	χίλια εξακόσια εννιά
MDCX	χίλια εξακόσια δέκα
MDCXI	χίλια εξακόσια έντεκα
MDCXII	χίλια εξακόσια δώδεκα
MDCXIII	χίλια εξακόσια δεκατρία
MDCXIV	χίλια εξακόσια δεκατέσσερα
MDCXV	χίλια εξακόσια δεκαπέντε
MDCXVI	χίλια εξακόσια δεκαέξι
MDCXVII	χίλια εξακόσια δεκαεφτά
MDCXVIII	χίλια εξακόσια δεκαοχτώ
MDCXIX	χίλια εξακόσια δεκαεννιά
MDCXX	χίλια εξακόσια είκοσι
MDCXXI	χίλια εξακόσια είκοσι ένα
MDCXXII	χίλια εξακόσια είκοσι δύο
MDCXXIII	χίλια εξακόσια είκοσι τρία
MDCXXIV	χίλια εξακόσια είκοσι τέσσερα
MDCXXV	χίλια εξακόσια είκοσι πέντε
MDCXXVI	χίλια εξακόσια είκοσι έξι
MDCXXVII	χίλια εξακόσια είκοσι εφτά
MDCXXVIII	χίλια εξακόσια είκοσι οχτώ
MDCXXIX	χίλια εξακόσια είκοσι εννιά
MDCXXX	χίλια εξακόσια τριάντα
MDCXXXI	χίλια εξακόσια τριάντα ένα
MDCXXXII	χίλια εξακόσια τριάντα δύο
MDCXXXIII	χίλια εξακόσια τριάντα τρία
MDCXXXIV	χίλια εξακόσια τριάντα τέσσερα
MDCXXXV	χίλια εξακόσια τριάντα πέντε
MDCXXXVI	χίλια εξακόσια τριάντα έξι
MDCXXXVII	χίλια εξακόσια τριάντα εφτά
MDCXXXVIII	χίλια εξακόσια τριάντα οχτώ
MDCXXXIX	χίλια εξακόσια τριάντα εννιά
MDCXL	χίλια εξακόσια σαράντα
MDCXLI	χίλια εξακόσια σαράντα ένα
MDCXLII	χίλια εξακόσια σαράντα δύο
MDCXLIII	χίλια εξακόσια σαράντα τρία
MDCXLIV	χίλια εξακόσια σαράντα τέσσερα
MDCXLV	χίλια εξακόσια σαράντα πέντε
MDCXLVI	χίλια εξακόσια σαράντα έξι
MDCXLVII	χίλια εξακόσια σαράντα εφτά
MDCXLVIII	χίλια εξακόσια σαράντα οχτώ
MDCXLIX	χίλια εξακόσια σαράντα εννιά
MDCL	χίλια εξακόσια πενήντα
MDCLI	χίλια εξακόσια πενήντα ένα
MDCLII	χίλια εξακόσια πενήντα δύο
MDCLIII	χίλια εξακόσια πενήντα τρία
MDCLIV	χίλια εξακόσια πενήντα τέσσερα
MDCLV	χίλια εξακόσια πενήντα πέντε
MDCLVI	χίλια εξακόσια πενήντα έξι
MDCLVII	χίλια εξακόσια πενήντα εφτά
MDCLVIII	χίλια εξακόσια πενήντα οχτώ
MDCLIX	χίλια εξακόσια πενήντα εννιά
MDCLX	χίλια εξακόσια εξήντα
MDCLXI	χίλια εξακόσια εξήντα ένα
MDCLXII	χίλια εξακόσια εξήντα δύο
MDCLXIII	χίλια εξακόσια εξήντα τρία
MDCLXIV	χίλια εξακόσια εξήντα τέσσερα
MDCLXV	χίλια εξακόσια εξήντα πέντε
MDCLXVI	χίλια εξακόσια εξήντα έξι
MDCLXVII	χίλια εξακόσια εξήντα εφτά
MDCLXVIII	χίλια εξακόσια εξήντα οχτώ
MDCLXIX	χίλια εξακόσια εξήντα εννιά
MDCLXX	χίλια εξακόσια εβδομήντα
MDCLXXI	χίλια εξακόσια εβδομήντα ένα
MDCLXXII	χίλια εξακόσια εβδομήντα δύο
MDCLXXIII	χίλια εξακόσια εβδομήντα τρία
MDCLXXIV	χίλια εξακόσια εβδομήντα τέσσερα
MDCLXXV	χίλια εξακόσια εβδομήντα πέντε
MDCLXXVI	χίλια εξακόσια εβδομήντα έξι
MDCLXXVII	χίλια εξακόσια εβδομήντα εφτά
MDCLXXVIII	χίλια εξακόσια εβδομήντα οχτώ
MDCLXXIX	χίλια εξακόσια εβδομήντα εννιά
MDCLXXX	χίλια εξακόσια ογδόντα
MDCLXXXI	χίλια εξακόσια ογδόντα ένα
MDCLXXXII	χίλια εξακόσια ογδόντα δύο
MDCLXXXIII	χίλια εξακόσια ογδόντα τρία
MDCLXXXIV	χίλια εξακόσια ογδόντα τέσσερα
MDCLXXXV	χίλια εξακόσια ογδόντα πέντε
MDCLXXXVI	χίλια εξακόσια ογδόντα έξι
MDCLXXXVII	χίλια εξακόσια ογδόντα εφτά
MDCLXXXVIII	χίλια εξακόσια ογδόντα οχτώ
MDCLXXXIX	χίλια εξακόσια ογδόντα εννιά
MDCXC	χίλια εξακόσια ενενήντα
MDCXCI	χίλια εξακόσια ενενήντα ένα
MDCXCII	χίλια εξακόσια ενενήντα δύο
MDCXCIII	χίλια εξακόσια ενενήντα τρία
MDCXCIV	χίλια εξακόσια ενενήντα τέσσερα
MDCXCV	χίλια εξακόσια ενενήντα πέντε
MDCXCVI	χίλια εξακόσια ενενήντα έξι
MDCXCVII	χίλια εξακόσια ενενήντα εφτά
MDCXCVIII	χίλια εξακόσια ενενήντα οχτώ
MDCXCIX	χίλια εξακόσια ενενήντα εννιά
MDCC	χίλια εφτακόσια
MDCCI	χίλια εφτακόσια ένα
MDCCII	χίλια εφτακόσια δύο
MDCCIII	χίλια εφτακόσια τρία
MDCCIV	χίλια εφτακόσια τέσσερα
MDCCV	χίλια εφτακόσια πέντε
MDCCVI	χίλια εφτακόσια έξι
MDCCVII	χίλια εφτακόσια εφτά
MDCCVIII	χίλια εφτακόσια οχτώ
MDCCIX	χίλια εφτακόσια εννιά
MDCCX	χίλια εφτακόσια δέκα
MDCCXI	χίλια εφτακόσια έντεκα
MDCCXII	χίλια εφτακόσια δώδεκα
MDCCXIII	χίλια εφτακόσια δεκατρία
MDCCXIV	χίλια εφτακόσια δεκατέσσερα
MDCCXV	χίλια εφτακόσια δεκαπέντε
MDCCXVI	χίλια εφτακόσια δεκαέξι
MDCCXVII	χίλια εφτακόσια δεκαεφτά
MDCCXVIII	χίλια εφτακόσια δεκαοχτώ
MDCCXIX	χίλια εφτακόσια δεκαεννιά
MDCCXX	χίλια εφτακόσια είκοσι
MDCCXXI	χίλια εφτακόσια είκοσι ένα
MDCCXXII	χίλια εφτακόσια είκοσι δύο
MDCCXXIII	χίλια εφτακόσια είκοσι τρία
MDCCXXIV	χίλια εφτακόσια είκοσι τέσσερα
MDCCXXV	χίλια εφτακόσια είκοσι πέντε
MDCCXXVI	χίλια εφτακόσια είκοσι έξι
MDCCXXVII	χίλια εφτακόσια είκοσι εφτά
MDCCXXVIII	χίλια εφτακόσια είκοσι οχτώ
MDCCXXIX	χίλια εφτακόσια είκοσι εννιά
MDCCXXX	χίλια εφτακόσια τριάντα
MDCCXXXI	χίλια εφτακόσια τριάντα ένα
MDCCXXXII	χίλια εφτακόσια τριάντα δύο
MDCCXXXIII	χίλια εφτακόσια τριάντα τρία
MDCCXXXIV	χίλια εφτακόσια τριάντα τέσσερα
MDCCXXXV	χίλια εφτακόσια τριάντα πέντε
MDCCXXXVI	χίλια εφτακόσια τριάντα έξι
MDCCXXXVII	χίλια εφτακόσια τριάντα εφτά
MDCCXXXVIII	χίλια εφτακόσια τριάντα οχτώ
MDCCXXXIX	χίλια εφτακόσια τριάντα εννιά
MDCCXL	χίλια εφτακόσια σαράντα
MDCCXLI	χίλια εφτακόσια σαράντα ένα
MDCCXLII	χίλια εφτακόσια σαράντα δύο
MDCCXLIII	χίλια εφτακόσια σαράντα τρία
MDCCXLIV	χίλια εφτακόσια σαράντα τέσσερα
MDCCXLV	χίλια εφτακόσια σαράντα πέντε
MDCCXLVI	χίλια εφτακόσια σαράντα έξι
MDCCXLVII	χίλια εφτακόσια σαράντα εφτά
MDCCXLVIII	χίλια εφτακόσια σαράντα οχτώ
MDCCXLIX	χίλια εφτακόσια σαράντα εννιά
MDCCL	χίλια εφτακόσια πενήντα
MDCCLI	χίλια εφτακόσια πενήντα ένα
MDCCLII	χίλια εφτακόσια πενήντα δύο
MDCCLIII	χίλια εφτακόσια πενήντα τρία
MDCCLIV	χίλια εφτακόσια πενήντα τέσσερα
MDCCLV	χίλια εφτακόσια πενήντα πέντε
MDCCLVI	χίλια εφτακόσια πενήντα έξι
MDCCLVII	χίλια εφτακόσια πενήντα εφτά
MDCCLVIII	χίλια εφτακόσια πενήντα οχτώ
MDCCLIX	χίλια εφτακόσια πενήντα εννιά
MDCCLX	χίλια εφτακόσια εξήντα
MDCCLXI	χίλια εφτακόσια εξήντα ένα
MDCCLXII	χίλια εφτακόσια εξήντα δύο
MDCCLXIII	χίλια εφτακόσια εξήντα τρία
MDCCLXIV	χίλια εφτακόσια εξήντα τέσσερα
MDCCLXV	χίλια εφτακόσια εξήντα πέντε
MDCCLXVI	χίλια εφτακόσια εξήντα έξι
MDCCLXVII	χίλια εφτακόσια εξήντα εφτά
MDCCLXVIII	χίλια εφτακόσια εξήντα οχτώ
MDCCLXIX	χίλια εφτακόσια εξήντα εννιά
MDCCLXX	χίλια εφτακόσια εβδομήντα
MDCCLXXI	χίλια εφτακόσια εβδομήντα ένα
MDCCLXXII	χίλια εφτακόσια εβδομήντα δύο
MDCCLXXIII	χίλια εφτακόσια εβδομήντα τρία
MDCCLXXIV	χίλια εφτακόσια εβδομήντα τέσσερα
MDCCLXXV	χίλια εφτακόσια εβδομήντα πέντε
MDCCLXXVI	χίλια εφτακόσια εβδομήντα έξι
MDCCLXXVII	χίλια εφτακόσια εβδομήντα εφτά
MDCCLXXVIII	χίλια εφτακόσια εβδομήντα οχτώ
MDCCLXXIX	χίλια εφτακόσια εβδομήντα εννιά
MDCCLXXX	χίλια εφτακόσια ογδόντα
MDCCLXXXI	χίλια εφτακόσια ογδόντα ένα
MDCCLXXXII	χίλια εφτακόσια ογδόντα δύο
MDCCLXXXIII	χίλια εφτακόσια ογδόντα τρία
MDCCLXXXIV	χίλια εφτακόσια ογδόντα τέσσερα
MDCCLXXXV	χίλια εφτακόσια ογδόντα πέντε
MDCCLXXXVI	χίλια εφτακόσια ογδόντα έξι
MDCCLXXXVII	χίλια εφτακόσια ογδόντα εφτά
MDCCLXXXVIII	χίλια εφτακόσια ογδόντα οχτώ
MDCCLXXXIX	χίλια εφτακόσια ογδόντα εννιά
MDCCXC	χίλια εφτακόσια ενενήντα
MDCCXCI	χίλια εφτακόσια ενενήντα ένα
MDCCXCII	χίλια εφτακόσια ενενήντα δύο
MDCCXCIII	χίλια εφτακόσια ενενήντα τρία
MDCCXCIV	χίλια εφτακόσια ενενήντα τέσσερα
MDCCXCV	χίλια εφτακόσια ενενήντα πέντε
MDCCXCVI	χίλια εφτακόσια ενενήντα έξι
MDCCXCVII	χίλια εφτακόσια ενενήντα εφτά
MDCCXCVIII	χίλια εφτακόσια ενενήντα οχτώ
MDCCXCIX	χίλια εφτακόσια ενενήντα εννιά
MDCCC	χίλια οχτακόσια
MDCCCI	χίλια οχτακόσια ένα
MDCCCII	χίλια οχτακόσια δύο
MDCCCIII	χίλια οχτακόσια τρία
MDCCCIV	χίλια οχτακόσια τέσσερα
MDCCCV	χίλια οχτακόσια πέντε
MDCCCVI	χίλια οχτακόσια έξι
MDCCCVII	χίλια οχτακόσια εφτά
MDCCCVIII	χίλια οχτακόσια οχτώ
MDCCCIX	χίλια οχτακόσια εννιά
MDCCCX	χίλια οχτακόσια δέκα
MDCCCXI	χίλια οχτακόσια έντεκα
MDCCCXII	χίλια οχτακόσια δώδεκα
MDCCCXIII	χίλια οχτακόσια δεκατρία
MDCCCXIV	χίλια οχτακόσια δεκατέσσερα
MDCCCXV	χίλια οχτακόσια δεκαπέντε
MDCCCXVI	χίλια οχτακόσια δεκαέξι
MDCCCXVII	χίλια οχτακόσια δεκαεφτά
MDCCCXVIII	χίλια οχτακόσια δεκαοχτώ
MDCCCXIX	χίλια οχτακόσια δεκαεννιά
MDCCCXX	χίλια οχτακόσια είκοσι
MDCCCXXI	χίλια οχτακόσια είκοσι ένα
MDCCCXXII	χίλια οχτακόσια είκοσι δύο
MDCCCXXIII	χίλια οχτακόσια είκοσι τρία
MDCCCXXIV	χίλια οχτακόσια είκοσι τέσσερα
MDCCCXXV	χίλια οχτακόσια είκοσι πέντε
MDCCCXXVI	χίλια οχτακόσια είκοσι έξι
MDCCCXXVII	χίλια οχτακόσια είκοσι εφτά
MDCCCXXVIII	χίλια οχτακόσια είκοσι οχτώ
MDCCCXXIX	χίλια οχτακόσια είκοσι εννιά
MDCCCXXX	χίλια οχτακόσια τριάντα
MDCCCXXXI	χίλια οχτακόσια τριάντα ένα
MDCCCXXXII	χίλια οχτακόσια τριάντα δύο
MDCCCXXXIII	χίλια οχτακόσια τριάντα τρία
MDCCCXXXIV	χίλια οχτακόσια τριάντα τέσσερα
MDCCCXXXV	χίλια οχτακόσια τριάντα πέντε
MDCCCXXXVI	χίλια οχτακόσια τριάντα έξι
MDCCCXXXVII	χίλια οχτακόσια τριάντα εφτά
MDCCCXXXVIII	χίλια οχτακόσια τριάντα οχτώ
MDCCCXXXIX	χίλια οχτακόσια τριάντα εννιά
MDCCCXL	χίλια οχτακόσια σαράντα
MDCCCXLI	χίλια οχτακόσια σαράντα ένα
MDCCCXLII	χίλια οχτακόσια σαράντα δύο
MDCCCXLIII	χίλια οχτακόσια σαράντα τρία
MDCCCXLIV	χίλια οχτακόσια σαράντα τέσσερα
MDCCCXLV	χίλια οχτακόσια σαράντα πέντε
MDCCCXLVI	χίλια οχτακόσια σαράντα έξι
MDCCCXLVII	χίλια οχτακόσια σαράντα εφτά
MDCCCXLVIII	χίλια οχτακόσια σαράντα οχτώ
MDCCCXLIX	χίλια οχτακόσια σαράντα εννιά
MDCCCL	χίλια οχτακόσια πενήντα
MDCCCLI	χίλια οχτακόσια πενήντα ένα
MDCCCLII	χίλια οχτακόσια πενήντα δύο
MDCCCLIII	χίλια οχτακόσια πενήντα τρία
MDCCCLIV	χίλια οχτακόσια πενήντα τέσσερα
MDCCCLV	χίλια οχτακόσια πενήντα πέντε
MDCCCLVI	χίλια οχτακόσια πενήντα έξι
MDCCCLVII	χίλια οχτακόσια πενήντα εφτά
MDCCCLVIII	χίλια οχτακόσια πενήντα οχτώ
MDCCCLIX	χίλια οχτακόσια πενήντα εννιά
MDCCCLX	χίλια οχτακόσια εξήντα
MDCCCLXI	χίλια οχτακόσια εξήντα ένα
MDCCCLXII	χίλια οχτακόσια εξήντα δύο
MDCCCLXIII	χίλια οχτακόσια εξήντα τρία
MDCCCLXIV	χίλια οχτακόσια εξήντα τέσσερα
MDCCCLXV	χίλια οχτακόσια εξήντα πέντε
MDCCCLXVI	χίλια οχτακόσια εξήντα έξι
MDCCCLXVII	χίλια οχτακόσια εξήντα εφτά
MDCCCLXVIII	χίλια οχτακόσια εξήντα οχτώ
MDCCCLXIX	χίλια οχτακόσια εξήντα εννιά
MDCCCLXX	χίλια οχτακόσια εβδομήντα
MDCCCLXXI	χίλια οχτακόσια εβδομήντα ένα
MDCCCLXXII	χίλια οχτακόσια εβδομήντα δύο
MDCCCLXXIII	χίλια οχτακόσια εβδομήντα τρία
MDCCCLXXIV	χίλια οχτακόσια εβδομήντα τέσσερα
MDCCCLXXV	χίλια οχτακόσια εβδομήντα πέντε
MDCCCLXXVI	χίλια οχτακόσια εβδομήντα έξι
MDCCCLXXVII	χίλια οχτακόσια εβδομήντα εφτά
MDCCCLXXVIII	χίλια οχτακόσια εβδομήντα οχτώ
MDCCCLXXIX	χίλια οχτακόσια εβδομήντα εννιά
MDCCCLXXX	χίλια οχτακόσια ογδόντα
MDCCCLXXXI	χίλια οχτακόσια ογδόντα ένα
MDCCCLXXXII	χίλια οχτακόσια ογδόντα δύο
MDCCCLXXXIII	χίλια οχτακόσια ογδόντα τρία
MDCCCLXXXIV	χίλια οχτακόσια ογδόντα τέσσερα
MDCCCLXXXV	χίλια οχτακόσια ογδόντα πέντε
MDCCCLXXXVI	χίλια οχτακόσια ογδόντα έξι
MDCCCLXXXVII	χίλια οχτακόσια ογδόντα εφτά
MDCCCLXXXVIII	χίλια οχτακόσια ογδόντα οχτώ
MDCCCLXXXIX	χίλια οχτακόσια ογδόντα εννιά
MDCCCXC	χίλια οχτακόσια ενενήντα
MDCCCXCI	χίλια οχτακόσια ενενήντα ένα
MDCCCXCII	χίλια οχτακόσια ενενήντα δύο
MDCCCXCIII	χίλια οχτακόσια ενενήντα τρία
MDCCCXCIV	χίλια οχτακόσια ενενήντα τέσσερα
MDCCCXCV	χίλια οχτακόσια ενενήντα πέντε
MDCCCXCVI	χίλια οχτακόσια ενενήντα έξι
MDCCCXCVII	χίλια οχτακόσια ενενήντα εφτά
MDCCCXCVIII	χίλια οχτακόσια ενενήντα οχτώ
MDCCCXCIX	χίλια οχτακόσια ενενήντα εννιά
MCM	χίλια εννιακόσια
MCMI	χίλια εννιακόσια ένα
MCMII	χίλια εννιακόσια δύο
MCMIII	χίλια εννιακόσια τρία
MCMIV	χίλια εννιακόσια τέσσερα
MCMV	χίλια εννιακόσια πέντε
MCMVI	χίλια εννιακόσια έξι
MCMVII	χίλια εννιακόσια εφτά
MCMVIII	χίλια εννιακόσια οχτώ
MCMIX	χίλια εννιακόσια εννιά
MCMX	χίλια εννιακόσια δέκα
MCMXI	χίλια εννιακόσια έντεκα
MCMXII	χίλια εννιακόσια δώδεκα
MCMXIII	χίλια εννιακόσια δεκατρία
MCMXIV	χίλια εννιακόσια δεκατέσσερα
MCMXV	χίλια εννιακόσια δεκαπέντε
MCMXVI	χίλια εννιακόσια δεκαέξι
MCMXVII	χίλια εννιακόσια δεκαεφτά
MCMXVIII	χίλια εννιακόσια δεκαοχτώ
MCMXIX	χίλια εννιακόσια δεκαεννιά
MCMXX	χίλια εννιακόσια είκοσι
MCMXXI	χίλια εννιακόσια είκοσι ένα
MCMXXII	χίλια εννιακόσια είκοσι δύο
MCMXXIII	χίλια εννιακόσια είκοσι τρία
MCMXXIV	χίλια εννιακόσια είκοσι τέσσερα
MCMXXV	χίλια εννιακόσια είκοσι πέντε
MCMXXVI	χίλια εννιακόσια είκοσι έξι
MCMXXVII	χίλια εννιακόσια είκοσι εφτά
MCMXXVIII	χίλια εννιακόσια είκοσι οχτώ
MCMXXIX	χίλια εννιακόσια είκοσι εννιά
MCMXXX	χίλια εννιακόσια τριάντα
MCMXXXI	χίλια εννιακόσια τριάντα ένα
MCMXXXII	χίλια εννιακόσια τριάντα δύο
MCMXXXIII	χίλια εννιακόσια τριάντα τρία
MCMXXXIV	χίλια εννιακόσια τριάντα τέσσερα
MCMXXXV	χίλια εννιακόσια τριάντα πέντε
MCMXXXVI	χίλια εννιακόσια τριάντα έξι
MCMXXXVII	χίλια εννιακόσια τριάντα εφτά
MCMXXXVIII	χίλια εννιακόσια τριάντα οχτώ
MCMXXXIX	χίλια εννιακόσια τριάντα εννιά
MCMXL	χίλια εννιακόσια σαράντα
MCMXLI	χίλια εννιακόσια σαράντα ένα
MCMXLII	χίλια εννιακόσια σαράντα δύο
MCMXLIII	χίλια εννιακόσια σαράντα τρία
MCMXLIV	χίλια εννιακόσια σαράντα τέσσερα
MCMXLV	χίλια εννιακόσια σαράντα πέντε
MCMXLVI	χίλια εννιακόσια σαράντα έξι
MCMXLVII	χίλια εννιακόσια σαράντα εφτά
MCMXLVIII	χίλια εννιακόσια σαράντα οχτώ
MCMXLIX	χίλια εννιακόσια σαράντα εννιά
MCML	χίλια εννιακόσια πενήντα
MCMLI	χίλια εννιακόσια πενήντα ένα
MCMLII	χίλια εννιακόσια πενήντα δύο
MCMLIII	χίλια εννιακόσια πενήντα τρία
MCMLIV	χίλια εννιακόσια πενήντα τέσσερα
MCMLV	χίλια εννιακόσια πενήντα πέντε
MCMLVI	χίλια εννιακόσια πενήντα έξι
MCMLVII	χίλια εννιακόσια πενήντα εφτά
MCMLVIII	χίλια εννιακόσια πενήντα οχτώ
MCMLIX	χίλια εννιακόσια πενήντα εννιά
MCMLX	χίλια εννιακόσια εξήντα
MCMLXI	χίλια εννιακόσια εξήντα ένα
MCMLXII	χίλια εννιακόσια εξήντα δύο
MCMLXIII	χίλια εννιακόσια εξήντα τρία
MCMLXIV	χίλια εννιακόσια εξήντα τέσσερα
MCMLXV	χίλια εννιακόσια εξήντα πέντε
MCMLXVI	χίλια εννιακόσια εξήντα έξι
MCMLXVII	χίλια εννιακόσια εξήντα εφτά
MCMLXVIII	χίλια εννιακόσια εξήντα οχτώ
MCMLXIX	χίλια εννιακόσια εξήντα εννιά
MCMLXX	χίλια εννιακόσια εβδομήντα
MCMLXXI	χίλια εννιακόσια εβδομήντα ένα
MCMLXXII	χίλια εννιακόσια εβδομήντα δύο
MCMLXXIII	χίλια εννιακόσια εβδομήντα τρία
MCMLXXIV	χίλια εννιακόσια εβδομήντα τέσσερα
MCMLXXV	χίλια εννιακόσια εβδομήντα πέντε
MCMLXXVI	χίλια εννιακόσια εβδομήντα έξι
MCMLXXVII	χίλια εννιακόσια εβδομήντα εφτά
MCMLXXVIII	χίλια εννιακόσια εβδομήντα οχτώ
MCMLXXIX	χίλια εννιακόσια εβδομήντα εννιά
MCMLXXX	χίλια εννιακόσια ογδόντα
MCMLXXXI	χίλια εννιακόσια ογδόντα ένα
MCMLXXXII	χίλια εννιακόσια ογδόντα δύο
MCMLXXXIII	χίλια εννιακόσια ογδόντα τρία
MCMLXXXIV	χίλια εννιακόσια ογδόντα τέσσερα
MCMLXXXV	χίλια εννιακόσια ογδόντα πέντε
MCMLXXXVI	χίλια εννιακόσια ογδόντα έξι
MCMLXXXVII	χίλια εννιακόσια ογδόντα εφτά
MCMLXXXVIII	χίλια εννιακόσια ογδόντα οχτώ
MCMLXXXIX	χίλια εννιακόσια ογδόντα εννιά
MCMXC	χίλια εννιακόσια ενενήντα
MCMXCI	χίλια εννιακόσια ενενήντα ένα
MCMXCII	χίλια εννιακόσια ενενήντα δύο
MCMXCIII	χίλια εννιακόσια ενενήντα τρία
MCMXCIV	χίλια εννιακόσια ενενήντα τέσσερα
MCMXCV	χίλια εννιακόσια ενενήντα πέντε
MCMXCVI	χίλια εννιακόσια ενενήντα έξι
MCMXCVII	χίλια εννιακόσια ενενήντα εφτά
MCMXCVIII	χίλια εννιακόσια ενενήντα οχτώ
MCMXCIX	χίλια εννιακόσια ενενήντα εννιά
MM	δύο χιλιάδες
MMI	δύο χιλιάδες ένα
MMII	δύο χιλιάδες δύο
MMIII	δύο χιλιάδες τρία
MMIV	δύο χιλιάδες τέσσερα
MMV	δύο χιλιάδες πέντε
MMVI	δύο χιλιάδες έξι
MMVII	δύο χιλιάδες εφτά
MMVIII	δύο χιλιάδες οχτώ
MMIX	δύο χιλιάδες εννιά
MMX	δύο χιλιάδες δέκα
MMXI	δύο χιλιάδες έντεκα
MMXII	δύο χιλιάδες δώδεκα
MMXIII	δύο χιλιάδες δεκατρία
MMXIV	δύο χιλιάδες δεκατέσσερα
MMXV	δύο χιλιάδες δεκαπέντε
MMXVI	δύο χιλιάδες δεκαέξι
MMXVII	δύο χιλιάδες δεκαεφτά
MMXVIII	δύο χιλιάδες δεκαοχτώ
MMXIX	δύο χιλιάδες δεκαεννιά
MMXX	δύο χιλιάδες είκοσι
MMXXI	δύο χιλιάδες είκοσι ένα
MMXXII	δύο χιλιάδες είκοσι δύο
MMXXIII	δύο χιλιάδες είκοσι τρία
MMXXIV	δύο χιλιάδες είκοσι τέσσερα
MMXXV	δύο χιλιάδες είκοσι πέντε
MMXXVI	δύο χιλιάδες είκοσι έξι
MMXXVII	δύο χιλιάδες είκοσι εφτά
MMXXVIII	δύο χιλιάδες είκοσι οχτώ
MMXXIX	δύο χιλιάδες είκοσι εννιά
MMXXX	δύο χιλιάδες τριάντα
MMXXXI	δύο χιλιάδες τριάντα ένα
MMXXXII	δύο χιλιάδες τριάντα δύο
MMXXXIII	δύο χιλιάδες τριάντα τρία
MMXXXIV	δύο χιλιάδες τριάντα τέσσερα
MMXXXV	δύο χιλιάδες τριάντα πέντε
MMXXXVI	δύο χιλιάδες τριάντα έξι
MMXXXVII	δύο χιλιάδες τριάντα εφτά
MMXXXVIII	δύο χιλιάδες τριάντα οχτώ
MMXXXIX	δύο χιλιάδες τριάντα εννιά
MMXL	δύο χιλιάδες σαράντα
MMXLI	δύο χιλιάδες σαράντα ένα
MMXLII	δύο χιλιάδες σαράντα δύο
MMXLIII	δύο χιλιάδες σαράντα τρία
MMXLIV	δύο χιλιάδες σαράντα τέσσερα
MMXLV	δύο χιλιάδες σαράντα πέντε
MMXLVI	δύο χιλιάδες σαράντα έξι
MMXLVII	δύο χιλιάδες σαράντα εφτά
MMXLVIII	δύο χιλιάδες σαράντα οχτώ
MMXLIX	δύο χιλιάδες σαράντα εννιά
MML	δύο χιλιάδες πενήντα
MMLI	δύο χιλιάδες πενήντα ένα
MMLII	δύο χιλιάδες πενήντα δύο
MMLIII	δύο χιλιάδες πενήντα τρία
MMLIV	δύο χιλιάδες πενήντα τέσσερα
MMLV	δύο χιλιάδες πενήντα πέντε
MMLVI	δύο χιλιάδες πενήντα έξι
MMLVII	δύο χιλιάδες πενήντα εφτά
MMLVIII	δύο χιλιάδες πενήντα οχτώ
MMLIX	δύο χιλιάδες πενήντα εννιά
MMLX	δύο χιλιάδες εξήντα
MMLXI	δύο χιλιάδες εξήντα ένα
MMLXII	δύο χιλιάδες εξήντα δύο
MMLXIII	δύο χιλιάδες εξήντα τρία
MMLXIV	δύο χιλιάδες εξήντα τέσσερα
MMLXV	δύο χιλιάδες εξήντα πέντε
MMLXVI	δύο χιλιάδες εξήντα έξι
MMLXVII	δύο χιλιάδες εξήντα εφτά
MMLXVIII	δύο χιλιάδες εξήντα οχτώ
MMLXIX	δύο χιλιάδες εξήντα εννιά
MMLXX	δύο χιλιάδες εβδομήντα
MMLXXI	δύο χιλιάδες εβδομήντα ένα
MMLXXII	δύο χιλιάδες εβδομήντα δύο
MMLXXIII	δύο χιλιάδες εβδομήντα τρία
MMLXXIV	δύο χιλιάδες εβδομήντα τέσσερα
MMLXXV	δύο χιλιάδες εβδομήντα πέντε
MMLXXVI	δύο χιλιάδες εβδομήντα έξι
MMLXXVII	δύο χιλιάδες εβδομήντα εφτά
MMLXXVIII	δύο χιλιάδες εβδομήντα οχτώ
MMLXXIX	δύο χιλιάδες εβδομήντα εννιά
MMLXXX	δύο χιλιάδες ογδόντα
MMLXXXI	δύο χιλιάδες ογδόντα ένα
MMLXXXII	δύο χιλιάδες ογδόντα δύο
MMLXXXIII	δύο χιλιάδες ογδόντα τρία
MMLXXXIV	δύο χιλιάδες ογδόντα τέσσερα
MMLXXXV	δύο χιλιάδες ογδόντα πέντε
MMLXXXVI	δύο χιλιάδες ογδόντα έξι
MMLXXXVII	δύο χιλιάδες ογδόντα εφτά
MMLXXXVIII	δύο χιλιάδες ογδόντα οχτώ
MMLXXXIX	δύο χιλιάδες ογδόντα εννιά
MMXC	δύο χιλιάδες ενενήντα
MMXCI	δύο χιλιάδες ενενήντα ένα
MMXCII	δύο χιλιάδες ενενήντα δύο
MMXCIII	δύο χιλιάδες ενενήντα τρία
MMXCIV	δύο χιλιάδες ενενήντα τέσσερα
MMXCV	δύο χιλιάδες ενενήντα πέντε
MMXCVI	δύο χιλιάδες ενενήντα έξι
MMXCVII	δύο χιλιάδες ενενήντα εφτά
MMXCVIII	δύο χιλιάδες ενενήντα οχτώ
MMXCIX	δύο χιλιάδες ενενήντα εννιά
MMC	δύο χιλιάδες εκατό
MMCI	δύο χιλιάδες εκατόν ένα
MMCII	δύο χιλιάδες εκατόν δύο
MMCIII	δύο χιλιάδες εκατόν τρία
MMCIV	δύο χιλιάδες εκατόν τέσσερα
MMCV	δύο χιλιάδες εκατόν πέντε
MMCVI	δύο χιλιάδες εκατόν έξι
MMCVII	δύο χιλιάδες εκατόν εφτά
MMCVIII	δύο χιλιάδες εκατόν οχτώ
MMCIX	δύο χιλιάδες εκατόν εννιά
MMCX	δύο χιλιάδες εκατόν δέκα
MMCXI	δύο χιλιάδες εκατόν έντεκα
MMCXII	δύο χιλιάδες εκατόν δώδεκα
MMCXIII	δύο χιλιάδες εκατόν δεκατρία
MMCXIV	δύο χιλιάδες εκατόν δεκατέσσερα
MMCXV	δύο χιλιάδες εκατόν δεκαπέντε
MMCXVI	δύο χιλιάδες εκατόν δεκαέξι
MMCXVII	δύο χιλιάδες εκατόν δεκαεφτά
MMCXVIII	δύο χιλιάδες εκατόν δεκαοχτώ
MMCXIX	δύο χιλιάδες εκατόν δεκαεννιά
MMCXX	δύο χιλιάδες εκατόν είκοσι
MMCXXI	δύο χιλιάδες εκατόν είκοσι ένα
MMCXXII	δύο χιλιάδες εκατόν είκοσι δύο
MMCXXIII	δύο χιλιάδες εκατόν είκοσι τρία
MMCXXIV	δύο χιλιάδες εκατόν είκοσι τέσσερα
MMCXXV	δύο χιλιάδες εκατόν είκοσι πέντε
MMCXXVI	δύο χιλιάδες εκατόν είκοσι έξι
MMCXXVII	δύο χιλιάδες εκατόν είκοσι εφτά
MMCXXVIII	δύο χιλιάδες εκατόν είκοσι οχτώ
MMCXXIX	δύο χιλιάδες εκατόν είκοσι εννιά
MMCXXX	δύο χιλιάδες εκατόν τριάντα
MMCXXXI	δύο χιλιάδες εκατόν τριάντα ένα
MMCXXXII	δύο χιλιάδες εκατόν τριάντα δύο
MMCXXXIII	δύο χιλιάδες εκατόν τριάντα τρία
MMCXXXIV	δύο χιλιάδες εκατόν τριάντα τέσσερα
MMCXXXV	δύο χιλιάδες εκατόν τριάντα πέντε
MMCXXXVI	δύο χιλιάδες εκατόν τριάντα έξι
MMCXXXVII	δύο χιλιάδες εκατόν τριάντα εφτά
MMCXXXVIII	δύο χιλιάδες εκατόν τριάντα οχτώ
MMCXXXIX	δύο χιλιάδες εκατόν τριάντα εννιά
MMCXL	δύο χιλιάδες εκατόν σαράντα
MMCXLI	δύο χιλιάδες εκατόν σαράντα ένα
MMCXLII	δύο χιλιάδες εκατόν σαράντα δύο
MMCXLIII	δύο χιλιάδες εκατόν σαράντα τρία
MMCXLIV	δύο χιλιάδες εκατόν σαράντα τέσσερα
MMCXLV	δύο χιλιάδες εκατόν σαράντα πέντε
MMCXLVI	δύο χιλιάδες εκατόν σαράντα έξι
MMCXLVII	δύο χιλιάδες εκατόν σαράντα εφτά
MMCXLVIII	δύο χιλιάδες εκατόν σαράντα οχτώ
MMCXLIX	δύο χιλιάδες εκατόν σαράντα εννιά
MMCL	δύο χιλιάδες εκατόν πενήντα
MMCLI	δύο χιλιάδες εκατόν πενήντα ένα
MMCLII	δύο χιλιάδες εκατόν πενήντα δύο
MMCLIII	δύο χιλιάδες εκατόν πενήντα τρία
MMCLIV	δύο χιλιάδες εκατόν πενήντα τέσσερα
MMCLV	δύο χιλιάδες εκατόν πενήντα πέντε
MMCLVI	δύο χιλιάδες εκατόν πενήντα έξι
MMCLVII	δύο χιλιάδες εκατόν πενήντα εφτά
MMCLVIII	δύο χιλιάδες εκατόν πενήντα οχτώ
MMCLIX	δύο χιλιάδες εκατόν πενήντα εννιά
MMCLX	δύο χιλιάδες εκατόν εξήντα
MMCLXI	δύο χιλιάδες εκατόν εξήντα ένα
MMCLXII	δύο χιλιάδες εκατόν εξήντα δύο
MMCLXIII	δύο χιλιάδες εκατόν εξήντα τρία
MMCLXIV	δύο χιλιάδες εκατόν εξήντα τέσσερα
MMCLXV	δύο χιλιάδες εκατόν εξήντα πέντε
MMCLXVI	δύο χιλιάδες εκατόν εξήντα έξι
MMCLXVII	δύο χιλιάδες εκατόν εξήντα εφτά
MMCLXVIII	δύο χιλιάδες εκατόν εξήντα οχτώ
MMCLXIX	δύο χιλιάδες εκατόν εξήντα εννιά
MMCLXX	δύο χιλιάδες εκατόν εβδομήντα
MMCLXXI	δύο χιλιάδες εκατόν εβδομήντα ένα
MMCLXXII	δύο χιλιάδες εκατόν εβδομήντα δύο
MMCLXXIII	δύο χιλιάδες εκατόν εβδομήντα τρία
MMCLXXIV	δύο χιλιάδες εκατόν εβδομήντα τέσσερα
MMCLXXV	δύο χιλιάδες εκατόν εβδομήντα πέντε
MMCLXXVI	δύο χιλιάδες εκατόν εβδομήντα έξι
MMCLXXVII	δύο χιλιάδες εκατόν εβδομήντα εφτά
MMCLXXVIII	δύο χιλιάδες εκατόν εβδομήντα οχτώ
MMCLXXIX	δύο χιλιάδες εκατόν εβδομήντα εννιά
MMCLXXX	δύο χιλιάδες εκατόν ογδόντα
MMCLXXXI	δύο χιλιάδες εκατόν ογδόντα ένα
MMCLXXXII	δύο χιλιάδες εκατόν ογδόντα δύο
MMCLXXXIII	δύο χιλιάδες εκατόν ογδόντα τρία
MMCLXXXIV	δύο χιλιάδες εκατόν ογδόντα τέσσερα
MMCLXXXV	δύο χιλιάδες εκατόν ογδόντα πέντε
MMCLXXXVI	δύο χιλιάδες εκατόν ογδόντα έξι
MMCLXXXVII	δύο χιλιάδες εκατόν ογδόντα εφτά
MMCLXXXVIII	δύο χιλιάδες εκατόν ογδόντα οχτώ
MMCLXXXIX	δύο χιλιάδες εκατόν ογδόντα εννιά
MMCXC	δύο χιλιάδες εκατόν ενενήντα
MMCXCI	δύο χιλιάδες εκατόν ενενήντα ένα
MMCXCII	δύο χιλιάδες εκατόν ενενήντα δύο
MMCXCIII	δύο χιλιάδες εκατόν ενενήντα τρία
MMCXCIV	δύο χιλιάδες εκατόν ενενήντα τέσσερα
MMCXCV	δύο χιλιάδες εκατόν ενενήντα πέντε
MMCXCVI	δύο χιλιάδες εκατόν ενενήντα έξι
MMCXCVII	δύο χιλιάδες εκατόν ενενήντα εφτά
MMCXCVIII	δύο χιλιάδες εκατόν ενενήντα οχτώ
MMCXCIX	δύο χιλιάδες εκατόν ενενήντα εννιά
MMCC	δύο χιλιάδες διακόσια
MMCCI	δύο χιλιάδες διακόσια ένα
MMCCII	δύο χιλιάδες διακόσια δύο
MMCCIII	δύο χιλιάδες διακόσια τρία
MMCCIV	δύο χιλιάδες διακόσια τέσσερα
MMCCV	δύο χιλιάδες διακόσια πέντε
MMCCVI	δύο χιλιάδες διακόσια έξι
MMCCVII	δύο χιλιάδες διακόσια εφτά
MMCCVIII	δύο χιλιάδες διακόσια οχτώ
MMCCIX	δύο χιλιάδες διακόσια εννιά
MMCCX	δύο χιλιάδες διακόσια δέκα
MMCCXI	δύο χιλιάδες διακόσια έντεκα
MMCCXII	δύο χιλιάδες διακόσια δώδεκα
MMCCXIII	δύο χιλιάδες διακόσια δεκατρία
MMCCXIV	δύο χιλιάδες διακόσια δεκατέσσερα
MMCCXV	δύο χιλιάδες διακόσια δεκαπέντε
MMCCXVI	δύο χιλιάδες διακόσια δεκαέξι
MMCCXVII	δύο χιλιάδες διακόσια δεκαεφτά
MMCCXVIII	δύο χιλιάδες διακόσια δεκαοχτώ
MMCCXIX	δύο χιλιάδες διακόσια δεκαεννιά
MMCCXX	δύο χιλιάδες διακόσια είκοσι
MMCCXXI	δύο χιλιάδες διακόσια είκοσι ένα
MMCCXXII	δύο χιλιάδες διακόσια είκοσι δύο
MMCCXXIII	δύο χιλιάδες διακόσια είκοσι τρία
MMCCXXIV	δύο χιλιάδες διακόσια είκοσι τέσσερα
MMCCXXV	δύο χιλιάδες διακόσια είκοσι πέντε
MMCCXXVI	δύο χιλιάδες διακόσια είκοσι έξι
MMCCXXVII	δύο χιλιάδες διακόσια είκοσι εφτά
MMCCXXVIII	δύο χιλιάδες διακόσια είκοσι οχτώ
MMCCXXIX	δύο χιλιάδες διακόσια είκοσι εννιά
MMCCXXX	δύο χιλιάδες διακόσια τριάντα
MMCCXXXI	δύο χιλιάδες διακόσια τριάντα ένα
MMCCXXXII	δύο χιλιάδες διακόσια τριάντα δύο
MMCCXXXIII	δύο χιλιάδες διακόσια τριάντα τρία
MMCCXXXIV	δύο χιλιάδες διακόσια τριάντα τέσσερα
MMCCXXXV	δύο χιλιάδες διακόσια τριάντα πέντε
MMCCXXXVI	δύο χιλιάδες διακόσια τριάντα έξι
MMCCXXXVII	δύο χιλιάδες διακόσια τριάντα εφτά
MMCCXXXVIII	δύο χιλιάδες διακόσια τριάντα οχτώ
MMCCXXXIX	δύο χιλιάδες διακόσια τριάντα εννιά
MMCCXL	δύο χιλιάδες διακόσια σαράντα
MMCCXLI	δύο χιλιάδες διακόσια σαράντα ένα
MMCCXLII	δύο χιλιάδες διακόσια σαράντα δύο
MMCCXLIII	δύο χιλιάδες διακόσια σαράντα τρία
MMCCXLIV	δύο χιλιάδες διακόσια σαράντα τέσσερα
MMCCXLV	δύο χιλιάδες διακόσια σαράντα πέντε
MMCCXLVI	δύο χιλιάδες διακόσια σαράντα έξι
MMCCXLVII	δύο χιλιάδες διακόσια σαράντα εφτά
MMCCXLVIII	δύο χιλιάδες διακόσια σαράντα οχτώ
MMCCXLIX	δύο χιλιάδες διακόσια σαράντα εννιά
MMCCL	δύο χιλιάδες διακόσια πενήντα
MMCCLI	δύο χιλιάδες διακόσια πενήντα ένα
MMCCLII	δύο χιλιάδες διακόσια πενήντα δύο
MMCCLIII	δύο χιλιάδες διακόσια πενήντα τρία
MMCCLIV	δύο χιλιάδες διακόσια πενήντα τέσσερα
MMCCLV	δύο χιλιάδες διακόσια πενήντα πέντε
MMCCLVI	δύο χιλιάδες διακόσια πενήντα έξι
MMCCLVII	δύο χιλιάδες διακόσια πενήντα εφτά
MMCCLVIII	δύο χιλιάδες διακόσια πενήντα οχτώ
MMCCLIX	δύο χιλιάδες διακόσια πενήντα εννιά
MMCCLX	δύο χιλιάδες διακόσια εξήντα
MMCCLXI	δύο χιλιάδες διακόσια εξήντα ένα
MMCCLXII	δύο χιλιάδες διακόσια εξήντα δύο
MMCCLXIII	δύο χιλιάδες διακόσια εξήντα τρία
MMCCLXIV	δύο χιλιάδες διακόσια εξήντα τέσσερα
MMCCLXV	δύο χιλιάδες διακόσια εξήντα πέντε
MMCCLXVI	δύο χιλιάδες διακόσια εξήντα έξι
MMCCLXVII	δύο χιλιάδες διακόσια εξήντα εφτά
MMCCLXVIII	δύο χιλιάδες διακόσια εξήντα οχτώ
MMCCLXIX	δύο χιλιάδες διακόσια εξήντα εννιά
MMCCLXX	δύο χιλιάδες διακόσια εβδομήντα
MMCCLXXI	δύο χιλιάδες διακόσια εβδομήντα ένα
MMCCLXXII	δύο χιλιάδες διακόσια εβδομήντα δύο
MMCCLXXIII	δύο χιλιάδες διακόσια εβδομήντα τρία
MMCCLXXIV	δύο χιλιάδες διακόσια εβδομήντα τέσσερα
MMCCLXXV	δύο χιλιάδες διακόσια εβδομήντα πέντε
MMCCLXXVI	δύο χιλιάδες διακόσια εβδομήντα έξι
MMCCLXXVII	δύο χιλιάδες διακόσια εβδομήντα εφτά
MMCCLXXVIII	δύο χιλιάδες διακόσια εβδομήντα οχτώ
MMCCLXXIX	δύο χιλιάδες διακόσια εβδομήντα εννιά
MMCCLXXX	δύο χιλιάδες διακόσια ογδόντα
MMCCLXXXI	δύο χιλιάδες διακόσια ογδόντα ένα
MMCCLXXXII	δύο χιλιάδες διακόσια ογδόντα δύο
MMCCLXXXIII	δύο χιλιάδες διακόσια ογδόντα τρία
MMCCLXXXIV	δύο χιλιάδες διακόσια ογδόντα τέσσερα
MMCCLXXXV	δύο χιλιάδες διακόσια ογδόντα πέντε
MMCCLXXXVI	δύο χιλιάδες διακόσια ογδόντα έξι
MMCCLXXXVII	δύο χιλιάδες διακόσια ογδόντα εφτά
MMCCLXXXVIII	δύο χιλιάδες διακόσια ογδόντα οχτώ
MMCCLXXXIX	δύο χιλιάδες διακόσια ογδόντα εννιά
MMCCXC	δύο χιλιάδες διακόσια ενενήντα
MMCCXCI	δύο χιλιάδες διακόσια ενενήντα ένα
MMCCXCII	δύο χιλιάδες διακόσια ενενήντα δύο
MMCCXCIII	δύο χιλιάδες διακόσια ενενήντα τρία
MMCCXCIV	δύο χιλιάδες διακόσια ενενήντα τέσσερα
MMCCXCV	δύο χιλιάδες διακόσια ενενήντα πέντε
MMCCXCVI	δύο χιλιάδες διακόσια ενενήντα έξι
MMCCXCVII	δύο χιλιάδες διακόσια ενενήντα εφτά
MMCCXCVIII	δύο χιλιάδες διακόσια ενενήντα οχτώ
MMCCXCIX	δύο χιλιάδες διακόσια ενενήντα εννιά
MMCCC	δύο χιλιάδες τριακόσια
MMCCCI	δύο χιλιάδες τριακόσια ένα
MMCCCII	δύο χιλιάδες τριακόσια δύο
MMCCCIII	δύο χιλιάδες τριακόσια τρία
MMCCCIV	δύο χιλιάδες τριακόσια τέσσερα
MMCCCV	δύο χιλιάδες τριακόσια πέντε
MMCCCVI	δύο χιλιάδες τριακόσια έξι
MMCCCVII	δύο χιλιάδες τριακόσια εφτά
MMCCCVIII	δύο χιλιάδες τριακόσια οχτώ
MMCCCIX	δύο χιλιάδες τριακόσια εννιά
MMCCCX	δύο χιλιάδες τριακόσια δέκα
MMCCCXI	δύο χιλιάδες τριακόσια έντεκα
MMCCCXII	δύο χιλιάδες τριακόσια δώδεκα
MMCCCXIII	δύο χιλιάδες τριακόσια δεκατρία
MMCCCXIV	δύο χιλιάδες τριακόσια δεκατέσσερα
MMCCCXV	δύο χιλιάδες τριακόσια δεκαπέντε
MMCCCXVI	δύο χιλιάδες τριακόσια δεκαέξι
MMCCCXVII	δύο χιλιάδες τριακόσια δεκαεφτά
MMCCCXVIII	δύο χιλιάδες τριακόσια δεκαοχτώ
MMCCCXIX	δύο χιλιάδες τριακόσια δεκαεννιά
MMCCCXX	δύο χιλιάδες τριακόσια είκοσι
MMCCCXXI	δύο χιλιάδες τριακόσια είκοσι ένα
MMCCCXXII	δύο χιλιάδες τριακόσια είκοσι δύο
MMCCCXXIII	δύο χιλιάδες τριακόσια είκοσι τρία
MMCCCXXIV	δύο χιλιάδες τριακόσια είκοσι τέσσερα
MMCCCXXV	δύο χιλιάδες τριακόσια είκοσι πέντε
MMCCCXXVI	δύο χιλιάδες τριακόσια είκοσι έξι
MMCCCXXVII	δύο χιλιάδες τριακόσια είκοσι εφτά
MMCCCXXVIII	δύο χιλιάδες τριακόσια είκοσι οχτώ
MMCCCXXIX	δύο χιλιάδες τριακόσια είκοσι εννιά
MMCCCXXX	δύο χιλιάδες τριακόσια τριάντα
MMCCCXXXI	δύο χιλιάδες τριακόσια τριάντα ένα
MMCCCXXXII	δύο χιλιάδες τριακόσια τριάντα δύο
MMCCCXXXIII	δύο χιλιάδες τριακόσια τριάντα τρία
MMCCCXXXIV	δύο χιλιάδες τριακόσια τριάντα τέσσερα
MMCCCXXXV	δύο χιλιάδες τριακόσια τριάντα πέντε
MMCCCXXXVI	δύο χιλιάδες τριακόσια τριάντα έξι
MMCCCXXXVII	δύο χιλιάδες τριακόσια τριάντα εφτά
MMCCCXXXVIII	δύο χιλιάδες τριακόσια τριάντα οχτώ
MMCCCXXXIX	δύο χιλιάδες τριακόσια τριάντα εννιά
MMCCCXL	δύο χιλιάδες τριακόσια σαράντα
MMCCCXLI	δύο χιλιάδες τριακόσια σαράντα ένα
MMCCCXLII	δύο χιλιάδες τριακόσια σαράντα δύο
MMCCCXLIII	δύο χιλιάδες τριακόσια σαράντα τρία
MMCCCXLIV	δύο χιλιάδες τριακόσια σαράντα τέσσερα
MMCCCXLV	δύο χιλιάδες τριακόσια σαράντα πέντε
MMCCCXLVI	δύο χιλιάδες τριακόσια σαράντα έξι
MMCCCXLVII	δύο χιλιάδες τριακόσια σαράντα εφτά
MMCCCXLVIII	δύο χιλιάδες τριακόσια σαράντα οχτώ
MMCCCXLIX	δύο χιλιάδες τριακόσια σαράντα εννιά
MMCCCL	δύο χιλιάδες τριακόσια πενήντα
MMCCCLI	δύο χιλιάδες τριακόσια πενήντα ένα
MMCCCLII	δύο χιλιάδες τριακόσια πενήντα δύο
MMCCCLIII	δύο χιλιάδες τριακόσια πενήντα τρία
MMCCCLIV	δύο χιλιάδες τριακόσια πενήντα τέσσερα
MMCCCLV	δύο χιλιάδες τριακόσια πενήντα πέντε
MMCCCLVI	δύο χιλιάδες τριακόσια πενήντα έξι
MMCCCLVII	δύο χιλιάδες τριακόσια πενήντα εφτά
MMCCCLVIII	δύο χιλιάδες τριακόσια πενήντα οχτώ
MMCCCLIX	δύο χιλιάδες τριακόσια πενήντα εννιά
MMCCCLX	δύο χιλιάδες τριακόσια εξήντα
MMCCCLXI	δύο χιλιάδες τριακόσια εξήντα ένα
MMCCCLXII	δύο χιλιάδες τριακόσια εξήντα δύο
MMCCCLXIII	δύο χιλιάδες τριακόσια εξήντα τρία
MMCCCLXIV	δύο χιλιάδες τριακόσια εξήντα τέσσερα
MMCCCLXV	δύο χιλιάδες τριακόσια εξήντα πέντε
MMCCCLXVI	δύο χιλιάδες τριακόσια εξήντα έξι
MMCCCLXVII	δύο χιλιάδες τριακόσια εξήντα εφτά
MMCCCLXVIII	δύο χιλιάδες τριακόσια εξήντα οχτώ
MMCCCLXIX	δύο χιλιάδες τριακόσια εξήντα εννιά
MMCCCLXX	δύο χιλιάδες τριακόσια εβδομήντα
MMCCCLXXI	δύο χιλιάδες τριακόσια εβδομήντα ένα
MMCCCLXXII	δύο χιλιάδες τριακόσια εβδομήντα δύο
MMCCCLXXIII	δύο χιλιάδες τριακόσια εβδομήντα τρία
MMCCCLXXIV	δύο χιλιάδες τριακόσια εβδομήντα τέσσερα
MMCCCLXXV	δύο χιλιάδες τριακόσια εβδομήντα πέντε
MMCCCLXXVI	δύο χιλιάδες τριακόσια εβδομήντα έξι
MMCCCLXXVII	δύο χιλιάδες τριακόσια εβδομήντα εφτά
MMCCCLXXVIII	δύο χιλιάδες τριακόσια εβδομήντα οχτώ
MMCCCLXXIX	δύο χιλιάδες τριακόσια εβδομήντα εννιά
MMCCCLXXX	δύο χιλιάδες τριακόσια ογδόντα
MMCCCLXXXI	δύο χιλιάδες τριακόσια ογδόντα ένα
MMCCCLXXXII	δύο χιλιάδες τριακόσια ογδόντα δύο
MMCCCLXXXIII	δύο χιλιάδες τριακόσια ογδόντα τρία
MMCCCLXXXIV	δύο χιλιάδες τριακόσια ογδόντα τέσσερα
MMCCCLXXXV	δύο χιλιάδες τριακόσια ογδόντα πέντε
MMCCCLXXXVI	δύο χιλιάδες τριακόσια ογδόντα έξι
MMCCCLXXXVII	δύο χιλιάδες τριακόσια ογδόντα εφτά
MMCCCLXXXVIII	δύο χιλιάδες τριακόσια ογδόντα οχτώ
MMCCCLXXXIX	δύο χιλιάδες τριακόσια ογδόντα εννιά
MMCCCXC	δύο χιλιάδες τριακόσια ενενήντα
MMCCCXCI	δύο χιλιάδες τριακόσια ενενήντα ένα
MMCCCXCII	δύο χιλιάδες τριακόσια ενενήντα δύο
MMCCCXCIII	δύο χιλιάδες τριακόσια ενενήντα τρία
MMCCCXCIV	δύο χιλιάδες τριακόσια ενενήντα τέσσερα
MMCCCXCV	δύο χιλιάδες τριακόσια ενενήντα πέντε
MMCCCXCVI	δύο χιλιάδες τριακόσια ενενήντα έξι
MMCCCXCVII	δύο χιλιάδες τριακόσια ενενήντα εφτά
MMCCCXCVIII	δύο χιλιάδες τριακόσια ενενήντα οχτώ
MMCCCXCIX	δύο χιλιάδες τριακόσια ενενήντα εννιά
MMCD	δύο χιλιάδες τετρακόσια
MMCDI	δύο χιλιάδες τετρακόσια ένα
MMCDII	δύο χιλιάδες τετρακόσια δύο
MMCDIII	δύο χιλιάδες τετρακόσια τρία
MMCDIV	δύο χιλιάδες τετρακόσια τέσσερα
MMCDV	δύο χιλιάδες τετρακόσια πέντε
MMCDVI	δύο χιλιάδες τετρακόσια έξι
MMCDVII	δύο χιλιάδες τετρακόσια εφτά
MMCDVIII	δύο χιλιάδες τετρακόσια οχτώ
MMCDIX	δύο χιλιάδες τετρακόσια εννιά
MMCDX	δύο χιλιάδες τετρακόσια δέκα
MMCDXI	δύο χιλιάδες τετρακόσια έντεκα
MMCDXII	δύο χιλιάδες τετρακόσια δώδεκα
MMCDXIII	δύο χιλιάδες τετρακόσια δεκατρία
MMCDXIV	δύο χιλιάδες τετρακόσια δεκατέσσερα
MMCDXV	δύο χιλιάδες τετρακόσια δεκαπέντε
MMCDXVI	δύο χιλιάδες τετρακόσια δεκαέξι
MMCDXVII	δύο χιλιάδες τετρακόσια δεκαεφτά
MMCDXVIII	δύο χιλιάδες τετρακόσια δεκαοχτώ
MMCDXIX	δύο χιλιάδες τετρακόσια δεκαεννιά
MMCDXX	δύο χιλιάδες τετρακόσια είκοσι
MMCDXXI	δύο χιλιάδες τετρακόσια είκοσι ένα
MMCDXXII	δύο χιλιάδες τετρακόσια είκοσι δύο
MMCDXXIII	δύο χιλιάδες τετρακόσια είκοσι τρία
MMCDXXIV	δύο χιλιάδες τετρακόσια είκοσι τέσσερα
MMCDXXV	δύο χιλιάδες τετρακόσια είκοσι πέντε
MMCDXXVI	δύο χιλιάδες τετρακόσια είκοσι έξι
MMCDXXVII	δύο χιλιάδες τετρακόσια είκοσι εφτά
MMCDXXVIII	δύο χιλιάδες τετρακόσια είκοσι οχτώ
MMCDXXIX	δύο χιλιάδες τετρακόσια είκοσι εννιά
MMCDXXX	δύο χιλιάδες τετρακόσια τριάντα
MMCDXXXI	δύο χιλιάδες τετρακόσια τριάντα ένα
MMCDXXXII	δύο χιλιάδες τετρακόσια τριάντα δύο
MMCDXXXIII	δύο χιλιάδες τετρακόσια τριάντα τρία
MMCDXXXIV	δύο χιλιάδες τετρακόσια τριάντα τέσσερα
MMCDXXXV	δύο χιλιάδες τετρακόσια τριάντα πέντε
MMCDXXXVI	δύο χιλιάδες τετρακόσια τριάντα έξι
MMCDXXXVII	δύο χιλιάδες τετρακόσια τριάντα εφτά
MMCDXXXVIII	δύο χιλιάδες τετρακόσια τριάντα οχτώ
MMCDXXXIX	δύο χιλιάδες τετρακόσια τριάντα εννιά
MMCDXL	δύο χιλιάδες τετρακόσια σαράντα
MMCDXLI	δύο χιλιάδες τετρακόσια σαράντα ένα
MMCDXLII	δύο χιλιάδες τετρακόσια σαράντα δύο
MMCDXLIII	δύο χιλιάδες τετρακόσια σαράντα τρία
MMCDXLIV	δύο χιλιάδες τετρακόσια σαράντα τέσσερα
MMCDXLV	δύο χιλιάδες τετρακόσια σαράντα πέντε
MMCDXLVI	δύο χιλιάδες τετρακόσια σαράντα έξι
MMCDXLVII	δύο χιλιάδες τετρακόσια σαράντα εφτά
MMCDXLVIII	δύο χιλιάδες τετρακόσια σαράντα οχτώ
MMCDXLIX	δύο χιλιάδες τετρακόσια σαράντα εννιά
MMCDL	δύο χιλιάδες τετρακόσια πενήντα
MMCDLI	δύο χιλιάδες τετρακόσια πενήντα ένα
MMCDLII	δύο χιλιάδες τετρακόσια πενήντα δύο
MMCDLIII	δύο χιλιάδες τετρακόσια πενήντα τρία
MMCDLIV	δύο χιλιάδες τετρακόσια πενήντα τέσσερα
MMCDLV	δύο χιλιάδες τετρακόσια πενήντα πέντε
MMCDLVI	δύο χιλιάδες τετρακόσια πενήντα έξι
MMCDLVII	δύο χιλιάδες τετρακόσια πενήντα εφτά
MMCDLVIII	δύο χιλιάδες τετρακόσια πενήντα οχτώ
MMCDLIX	δύο χιλιάδες τετρακόσια πενήντα εννιά
MMCDLX	δύο χιλιάδες τετρακόσια εξήντα
MMCDLXI	δύο χιλιάδες τετρακόσια εξήντα ένα
MMCDLXII	δύο χιλιάδες τετρακόσια εξήντα δύο
MMCDLXIII	δύο χιλιάδες τετρακόσια εξήντα τρία
MMCDLXIV	δύο χιλιάδες τετρακόσια εξήντα τέσσερα
MMCDLXV	δύο χιλιάδες τετρακόσια εξήντα πέντε
MMCDLXVI	δύο χιλιάδες τετρακόσια εξήντα έξι
MMCDLXVII	δύο χιλιάδες τετρακόσια εξήντα εφτά
MMCDLXVIII	δύο χιλιάδες τετρακόσια εξήντα οχτώ
MMCDLXIX	δύο χιλιάδες τετρακόσια εξήντα εννιά
MMCDLXX	δύο χιλιάδες τετρακόσια εβδομήντα
MMCDLXXI	δύο χιλιάδες τετρακόσια εβδομήντα ένα
MMCDLXXII	δύο χιλιάδες τετρακόσια εβδομήντα δύο
MMCDLXXIII	δύο χιλιάδες τετρακόσια εβδομήντα τρία
MMCDLXXIV	δύο χιλιάδες τετρακόσια εβδομήντα τέσσερα
MMCDLXXV	δύο χιλιάδες τετρακόσια εβδομήντα πέντε
MMCDLXXVI	δύο χιλιάδες τετρακόσια εβδομήντα έξι
MMCDLXXVII	δύο χιλιάδες τετρακόσια εβδομήντα εφτά
MMCDLXXVIII	δύο χιλιάδες τετρακόσια εβδομήντα οχτώ
MMCDLXXIX	δύο χιλιάδες τετρακόσια εβδομήντα εννιά
MMCDLXXX	δύο χιλιάδες τετρακόσια ογδόντα
MMCDLXXXI	δύο χιλιάδες τετρακόσια ογδόντα ένα
MMCDLXXXII	δύο χιλιάδες τετρακόσια ογδόντα δύο
MMCDLXXXIII	δύο χιλιάδες τετρακόσια ογδόντα τρία
MMCDLXXXIV	δύο χιλιάδες τετρακόσια ογδόντα τέσσερα
MMCDLXXXV	δύο χιλιάδες τετρακόσια ογδόντα πέντε
MMCDLXXXVI	δύο χιλιάδες τετρακόσια ογδόντα έξι
MMCDLXXXVII	δύο χιλιάδες τετρακόσια ογδόντα εφτά
MMCDLXXXVIII	δύο χιλιάδες τετρακόσια ογδόντα οχτώ
MMCDLXXXIX	δύο χιλιάδες τετρακόσια ογδόντα εννιά
MMCDXC	δύο χιλιάδες τετρακόσια ενενήντα
MMCDXCI	δύο χιλιάδες τετρακόσια ενενήντα ένα
MMCDXCII	δύο χιλιάδες τετρακόσια ενενήντα δύο
MMCDXCIII	δύο χιλιάδες τετρακόσια ενενήντα τρία
MMCDXCIV	δύο χιλιάδες τετρακόσια ενενήντα τέσσερα
MMCDXCV	δύο χιλιάδες τετρακόσια ενενήντα πέντε
MMCDXCVI	δύο χιλιάδες τετρακόσια ενενήντα έξι
MMCDXCVII	δύο χιλιάδες τετρακόσια ενενήντα εφτά
MMCDXCVIII	δύο χιλιάδες τετρακόσια ενενήντα οχτώ
MMCDXCIX	δύο χιλιάδες τετρακόσια ενενήντα εννιά
MMD	δύο χιλιάδες πεντακόσια
MMDI	δύο χιλιάδες πεντακόσια ένα
MMDII	δύο χιλιάδες πεντακόσια δύο
MMDIII	δύο χιλιάδες πεντακόσια τρία
MMDIV	δύο χιλιάδες πεντακόσια τέσσερα
MMDV	δύο χιλιάδες πεντακόσια πέντε
MMDVI	δύο χιλιάδες πεντακόσια έξι
MMDVII	δύο χιλιάδες πεντακόσια εφτά
MMDVIII	δύο χιλιάδες πεντακόσια οχτώ
MMDIX	δύο χιλιάδες πεντακόσια εννιά
MMDX	δύο χιλιάδες πεντακόσια δέκα
MMDXI	δύο χιλιάδες πεντακόσια έντεκα
MMDXII	δύο χιλιάδες πεντακόσια δώδεκα
MMDXIII	δύο χιλιάδες πεντακόσια δεκατρία
MMDXIV	δύο χιλιάδες πεντακόσια δεκατέσσερα
MMDXV	δύο χιλιάδες πεντακόσια δεκαπέντε
MMDXVI	δύο χιλιάδες πεντακόσια δεκαέξι
MMDXVII	δύο χιλιάδες πεντακόσια δεκαεφτά
MMDXVIII	δύο χιλιάδες πεντακόσια δεκαοχτώ
MMDXIX	δύο χιλιάδες πεντακόσια δεκαεννιά
MMDXX	δύο χιλιάδες πεντακόσια είκοσι
MMDXXI	δύο χιλιάδες πεντακόσια είκοσι ένα
MMDXXII	δύο χιλιάδες πεντακόσια είκοσι δύο
MMDXXIII	δύο χιλιάδες πεντακόσια είκοσι τρία
MMDXXIV	δύο χιλιάδες πεντακόσια είκοσι τέσσερα
MMDXXV	δύο χιλιάδες πεντακόσια είκοσι πέντε
MMDXXVI	δύο χιλιάδες πεντακόσια είκοσι έξι
MMDXXVII	δύο χιλιάδες πεντακόσια είκοσι εφτά
MMDXXVIII	δύο χιλιάδες πεντακόσια είκοσι οχτώ
MMDXXIX	δύο χιλιάδες πεντακόσια είκοσι εννιά
MMDXXX	δύο χιλιάδες πεντακόσια τριάντα
MMDXXXI	δύο χιλιάδες πεντακόσια τριάντα ένα
MMDXXXII	δύο χιλιάδες πεντακόσια τριάντα δύο
MMDXXXIII	δύο χιλιάδες πεντακόσια τριάντα τρία
MMDXXXIV	δύο χιλιάδες πεντακόσια τριάντα τέσσερα
MMDXXXV	δύο χιλιάδες πεντακόσια τριάντα πέντε
MMDXXXVI	δύο χιλιάδες πεντακόσια τριάντα έξι
MMDXXXVII	δύο χιλιάδες πεντακόσια τριάντα εφτά
MMDXXXVIII	δύο χιλιάδες πεντακόσια τριάντα οχτώ
MMDXXXIX	δύο χιλιάδες πεντακόσια τριάντα εννιά
MMDXL	δύο χιλιάδες πεντακόσια σαράντα
MMDXLI	δύο χιλιάδες πεντακόσια σαράντα ένα
MMDXLII	δύο χιλιάδες πεντακόσια σαράντα δύο
MMDXLIII	δύο χιλιάδες πεντακόσια σαράντα τρία
MMDXLIV	δύο χιλιάδες πεντακόσια σαράντα τέσσερα
MMDXLV	δύο χιλιάδες πεντακόσια σαράντα πέντε
MMDXLVI	δύο χιλιάδες πεντακόσια σαράντα έξι
MMDXLVII	δύο χιλιάδες πεντακόσια σαράντα εφτά
MMDXLVIII	δύο χιλιάδες πεντακόσια σαράντα οχτώ
MMDXLIX	δύο χιλιάδες πεντακόσια σαράντα εννιά
MMDL	δύο χιλιάδες πεντακόσια πενήντα
MMDLI	δύο χιλιάδες πεντακόσια πενήντα ένα
MMDLII	δύο χιλιάδες πεντακόσια πενήντα δύο
MMDLIII	δύο χιλιάδες πεντακόσια πενήντα τρία
MMDLIV	δύο χιλιάδες πεντακόσια πενήντα τέσσερα
MMDLV	δύο χιλιάδες πεντακόσια πενήντα πέντε
MMDLVI	δύο χιλιάδες πεντακόσια πενήντα έξι
MMDLVII	δύο χιλιάδες πεντακόσια πενήντα εφτά
MMDLVIII	δύο χιλιάδες πεντακόσια πενήντα οχτώ
MMDLIX	δύο χιλιάδες πεντακόσια πενήντα εννιά
MMDLX	δύο χιλιάδες πεντακόσια εξήντα
MMDLXI	δύο χιλιάδες πεντακόσια εξήντα ένα
MMDLXII	δύο χιλιάδες πεντακόσια εξήντα δύο
MMDLXIII	δύο χιλιάδες πεντακόσια εξήντα τρία
MMDLXIV	δύο χιλιάδες πεντακόσια εξήντα τέσσερα
MMDLXV	δύο χιλιάδες πεντακόσια εξήντα πέντε
MMDLXVI	δύο χιλιάδες πεντακόσια εξήντα έξι
MMDLXVII	δύο χιλιάδες πεντακόσια εξήντα εφτά
MMDLXVIII	δύο χιλιάδες πεντακόσια εξήντα οχτώ
MMDLXIX	δύο χιλιάδες πεντακόσια εξήντα εννιά
MMDLXX	δύο χιλιάδες πεντακόσια εβδομήντα
MMDLXXI	δύο χιλιάδες πεντακόσια εβδομήντα ένα
MMDLXXII	δύο χιλιάδες πεντακόσια εβδομήντα δύο
MMDLXXIII	δύο χιλιάδες πεντακόσια εβδομήντα τρία
MMDLXXIV	δύο χιλιάδες πεντακόσια εβδομήντα τέσσερα
MMDLXXV	δύο χιλιάδες πεντακόσια εβδομήντα πέντε
MMDLXXVI	δύο χιλιάδες πεντακόσια εβδομήντα έξι
MMDLXXVII	δύο χιλιάδες πεντακόσια εβδομήντα εφτά
MMDLXXVIII	δύο χιλιάδες πεντακόσια εβδομήντα οχτώ
MMDLXXIX	δύο χιλιάδες πεντακόσια εβδομήντα εννιά
MMDLXXX	δύο χιλιάδες πεντακόσια ογδόντα
MMDLXXXI	δύο χιλιάδες πεντακόσια ογδόντα ένα
MMDLXXXII	δύο χιλιάδες πεντακόσια ογδόντα δύο
MMDLXXXIII	δύο χιλιάδες πεντακόσια ογδόντα τρία
MMDLXXXIV	δύο χιλιάδες πεντακόσια ογδόντα τέσσερα
MMDLXXXV	δύο χιλιάδες πεντακόσια ογδόντα πέντε
MMDLXXXVI	δύο χιλιάδες πεντακόσια ογδόντα έξι
MMDLXXXVII	δύο χιλιάδες πεντακόσια ογδόντα εφτά
MMDLXXXVIII	δύο χιλιάδες πεντακόσια ογδόντα οχτώ
MMDLXXXIX	δύο χιλιάδες πεντακόσια ογδόντα εννιά
MMDXC	δύο χιλιάδες πεντακόσια ενενήντα
MMDXCI	δύο χιλιάδες πεντακόσια ενενήντα ένα
MMDXCII	δύο χιλιάδες πεντακόσια ενενήντα δύο
MMDXCIII	δύο χιλιάδες πεντακόσια ενενήντα τρία
MMDXCIV	δύο χιλιάδες πεντακόσια ενενήντα τέσσερα
MMDXCV	δύο χιλιάδες πεντακόσια ενενήντα πέντε
MMDXCVI	δύο χιλιάδες πεντακόσια ενενήντα έξι
MMDXCVII	δύο χιλιάδες πεντακόσια ενενήντα εφτά
MMDXCVIII	δύο χιλιάδες πεντακόσια ενενήντα οχτώ
MMDXCIX	δύο χιλιάδες πεντακόσια ενενήντα εννιά
MMDC	δύο χιλιάδες εξακόσια
MMDCI	δύο χιλιάδες εξακόσια ένα
MMDCII	δύο χιλιάδες εξακόσια δύο
MMDCIII	δύο χιλιάδες εξακόσια τρία
MMDCIV	δύο χιλιάδες εξακόσια τέσσερα
MMDCV	δύο χιλιάδες εξακόσια πέντε
MMDCVI	δύο χιλιάδες εξακόσια έξι
MMDCVII	δύο χιλιάδες εξακόσια εφτά
MMDCVIII	δύο χιλιάδες εξακόσια οχτώ
MMDCIX	δύο χιλιάδες εξακόσια εννιά
MMDCX	δύο χιλιάδες εξακόσια δέκα
MMDCXI	δύο χιλιάδες εξακόσια έντεκα
MMDCXII	δύο χιλιάδες εξακόσια δώδεκα
MMDCXIII	δύο χιλιάδες εξακόσια δεκατρία
MMDCXIV	δύο χιλιάδες εξακόσια δεκατέσσερα
MMDCXV	δύο χιλιάδες εξακόσια δεκαπέντε
MMDCXVI	δύο χιλιάδες εξακόσια δεκαέξι
MMDCXVII	δύο χιλιάδες εξακόσια δεκαεφτά
MMDCXVIII	δύο χιλιάδες εξακόσια δεκαοχτώ
MMDCXIX	δύο χιλιάδες εξακόσια δεκαεννιά
MMDCXX	δύο χιλιάδες εξακόσια είκοσι
MMDCXXI	δύο χιλιάδες εξακόσια είκοσι ένα
MMDCXXII	δύο χιλιάδες εξακόσια είκοσι δύο
MMDCXXIII	δύο χιλιάδες εξακόσια είκοσι τρία
MMDCXXIV	δύο χιλιάδες εξακόσια είκοσι τέσσερα
MMDCXXV	δύο χιλιάδες εξακόσια είκοσι πέντε
MMDCXXVI	δύο χιλιάδες εξακόσια είκοσι έξι
MMDCXXVII	δύο χιλιάδες εξακόσια είκοσι εφτά
MMDCXXVIII	δύο χιλιάδες εξακόσια είκοσι οχτώ
MMDCXXIX	δύο χιλιάδες εξακόσια είκοσι εννιά
MMDCXXX	δύο χιλιάδες εξακόσια τριάντα
MMDCXXXI	δύο χιλιάδες εξακόσια τριάντα ένα
MMDCXXXII	δύο χιλιάδες εξακόσια τριάντα δύο
MMDCXXXIII	δύο χιλιάδες εξακόσια τριάντα τρία
MMDCXXXIV	δύο χιλιάδες εξακόσια τριάντα τέσσερα
MMDCXXXV	δύο χιλιάδες εξακόσια τριάντα πέντε
MMDCXXXVI	δύο χιλιάδες εξακόσια τριάντα έξι
MMDCXXXVII	δύο χιλιάδες εξακόσια τριάντα εφτά
MMDCXXXVIII	δύο χιλιάδες εξακόσια τριάντα οχτώ
MMDCXXXIX	δύο χιλιάδες εξακόσια τριάντα εννιά
MMDCXL	δύο χιλιάδες εξακόσια σαράντα
MMDCXLI	δύο χιλιάδες εξακόσια σαράντα ένα
MMDCXLII	δύο χιλιάδες εξακόσια σαράντα δύο
MMDCXLIII	δύο χιλιάδες εξακόσια σαράντα τρία
MMDCXLIV	δύο χιλιάδες εξακόσια σαράντα τέσσερα
MMDCXLV	δύο χιλιάδες εξακόσια σαράντα πέντε
MMDCXLVI	δύο χιλιάδες εξακόσια σαράντα έξι
MMDCXLVII	δύο χιλιάδες εξακόσια σαράντα εφτά
MMDCXLVIII	δύο χιλιάδες εξακόσια σαράντα οχτώ
MMDCXLIX	δύο χιλιάδες εξακόσια σαράντα εννιά
MMDCL	δύο χιλιάδες εξακόσια πενήντα
MMDCLI	δύο χιλιάδες εξακόσια πενήντα ένα
MMDCLII	δύο χιλιάδες εξακόσια πενήντα δύο
MMDCLIII	δύο χιλιάδες εξακόσια πενήντα τρία
MMDCLIV	δύο χιλιάδες εξακόσια πενήντα τέσσερα
MMDCLV	δύο χιλιάδες εξακόσια πενήντα πέντε
MMDCLVI	δύο χιλιάδες εξακόσια πενήντα έξι
MMDCLVII	δύο χιλιάδες εξακόσια πενήντα εφτά
MMDCLVIII	δύο χιλιάδες εξακόσια πενήντα οχτώ
MMDCLIX	δύο χιλιάδες εξακόσια πενήντα εννιά
MMDCLX	δύο χιλιάδες εξακόσια εξήντα
MMDCLXI	δύο χιλιάδες εξακόσια εξήντα ένα
MMDCLXII	δύο χιλιάδες εξακόσια εξήντα δύο
MMDCLXIII	δύο χιλιάδες εξακόσια εξήντα τρία
MMDCLXIV	δύο χιλιάδες εξακόσια εξήντα τέσσερα
MMDCLXV	δύο χιλιάδες εξακόσια εξήντα πέντε
MMDCLXVI	δύο χιλιάδες εξακόσια εξήντα έξι
MMDCLXVII	δύο χιλιάδες εξακόσια εξήντα εφτά
MMDCLXVIII	δύο χιλιάδες εξακόσια εξήντα οχτώ
MMDCLXIX	δύο χιλιάδες εξακόσια εξήντα εννιά
MMDCLXX	δύο χιλιάδες εξακόσια εβδομήντα
MMDCLXXI	δύο χιλιάδες εξακόσια εβδομήντα ένα
MMDCLXXII	δύο χιλιάδες εξακόσια εβδομήντα δύο
MMDCLXXIII	δύο χιλιάδες εξακόσια εβδομήντα τρία
MMDCLXXIV	δύο χιλιάδες εξακόσια εβδομήντα τέσσερα
MMDCLXXV	δύο χιλιάδες εξακόσια εβδομήντα πέντε
MMDCLXXVI	δύο χιλιάδες εξακόσια εβδομήντα έξι
MMDCLXXVII	δύο χιλιάδες εξακόσια εβδομήντα εφτά
MMDCLXXVIII	δύο χιλιάδες εξακόσια εβδομήντα οχτώ
MMDCLXXIX	δύο χιλιάδες εξακόσια εβδομήντα εννιά
MMDCLXXX	δύο χιλιάδες εξακόσια ογδόντα
MMDCLXXXI	δύο χιλιάδες εξακόσια ογδόντα ένα
MMDCLXXXII	δύο χιλιάδες εξακόσια ογδόντα δύο
MMDCLXXXIII	δύο χιλιάδες εξακόσια ογδόντα τρία
MMDCLXXXIV	δύο χιλιάδες εξακόσια ογδόντα τέσσερα
MMDCLXXXV	δύο χιλιάδες εξακόσια ογδόντα πέντε
MMDCLXXXVI	δύο χιλιάδες εξακόσια ογδόντα έξι
MMDCLXXXVII	δύο χιλιάδες εξακόσια ογδόντα εφτά
MMDCLXXXVIII	δύο χιλιάδες εξακόσια ογδόντα οχτώ
MMDCLXXXIX	δύο χιλιάδες εξακόσια ογδόντα εννιά
MMDCXC	δύο χιλιάδες εξακόσια ενενήντα
MMDCXCI	δύο χιλιάδες εξακόσια ενενήντα ένα
MMDCXCII	δύο χιλιάδες εξακόσια ενενήντα δύο
MMDCXCIII	δύο χιλιάδες εξακόσια ενενήντα τρία
MMDCXCIV	δύο χιλιάδες εξακόσια ενενήντα τέσσερα
MMDCXCV	δύο χιλιάδες εξακόσια ενενήντα πέντε
MMDCXCVI	δύο χιλιάδες εξακόσια ενενήντα έξι
MMDCXCVII	δύο χιλιάδες εξακόσια ενενήντα εφτά
MMDCXCVIII	δύο χιλιάδες εξακόσια ενενήντα οχτώ
MMDCXCIX	δύο χιλιάδες εξακόσια ενενήντα εννιά
MMDCC	δύο χιλιάδες εφτακόσια
MMDCCI	δύο χιλιάδες εφτακόσια ένα
MMDCCII	δύο χιλιάδες εφτακόσια δύο
MMDCCIII	δύο χιλιάδες εφτακόσια τρία
MMDCCIV	δύο χιλιάδες εφτακόσια τέσσερα
MMDCCV	δύο χιλιάδες εφτακόσια πέντε
MMDCCVI	δύο χιλιάδες εφτακόσια έξι
MMDCCVII	δύο χιλιάδες εφτακόσια εφτά
MMDCCVIII	δύο χιλιάδες εφτακόσια οχτώ
MMDCCIX	δύο χιλιάδες εφτακόσια εννιά
MMDCCX	δύο χιλιάδες εφτακόσια δέκα
MMDCCXI	δύο χιλιάδες εφτακόσια έντεκα
MMDCCXII	δύο χιλιάδες εφτακόσια δώδεκα
MMDCCXIII	δύο χιλιάδες εφτακόσια δεκατρία
MMDCCXIV	δύο χιλιάδες εφτακόσια δεκατέσσερα
MMDCCXV	δύο χιλιάδες εφτακόσια δεκαπέντε
MMDCCXVI	δύο χιλιάδες εφτακόσια δεκαέξι
MMDCCXVII	δύο χιλιάδες εφτακόσια δεκαεφτά
MMDCCXVIII	δύο χιλιάδες εφτακόσια δεκαοχτώ
MMDCCXIX	δύο χιλιάδες εφτακόσια δεκαεννιά
MMDCCXX	δύο χιλιάδες εφτακόσια είκοσι
MMDCCXXI	δύο χιλιάδες εφτακόσια είκοσι ένα
MMDCCXXII	δύο χιλιάδες εφτακόσια είκοσι δύο
MMDCCXXIII	δύο χιλιάδες εφτακόσια είκοσι τρία
MMDCCXXIV	δύο χιλιάδες εφτακόσια είκοσι τέσσερα
MMDCCXXV	δύο χιλιάδες εφτακόσια είκοσι πέντε
MMDCCXXVI	δύο χιλιάδες εφτακόσια είκοσι έξι
MMDCCXXVII	δύο χιλιάδες εφτακόσια είκοσι εφτά
MMDCCXXVIII	δύο χιλιάδες εφτακόσια είκοσι οχτώ
MMDCCXXIX	δύο χιλιάδες εφτακόσια είκοσι εννιά
MMDCCXXX	δύο χιλιάδες εφτακόσια τριάντα
MMDCCXXXI	δύο χιλιάδες εφτακόσια τριάντα ένα
MMDCCXXXII	δύο χιλιάδες εφτακόσια τριάντα δύο
MMDCCXXXIII	δύο χιλιάδες εφτακόσια τριάντα τρία
MMDCCXXXIV	δύο χιλιάδες εφτακόσια τριάντα τέσσερα
MMDCCXXXV	δύο χιλιάδες εφτακόσια τριάντα πέντε
MMDCCXXXVI	δύο χιλιάδες εφτακόσια τριάντα έξι
MMDCCXXXVII	δύο χιλιάδες εφτακόσια τριάντα εφτά
MMDCCXXXVIII	δύο χιλιάδες εφτακόσια τριάντα οχτώ
MMDCCXXXIX	δύο χιλιάδες εφτακόσια τριάντα εννιά
MMDCCXL	δύο χιλιάδες εφτακόσια σαράντα
MMDCCXLI	δύο χιλιάδες εφτακόσια σαράντα ένα
MMDCCXLII	δύο χιλιάδες εφτακόσια σαράντα δύο
MMDCCXLIII	δύο χιλιάδες εφτακόσια σαράντα τρία
MMDCCXLIV	δύο χιλιάδες εφτακόσια σαράντα τέσσερα
MMDCCXLV	δύο χιλιάδες εφτακόσια σαράντα πέντε
MMDCCXLVI	δύο χιλιάδες εφτακόσια σαράντα έξι
MMDCCXLVII	δύο χιλιάδες εφτακόσια σαράντα εφτά
MMDCCXLVIII	δύο χιλιάδες εφτακόσια σαράντα οχτώ
MMDCCXLIX	δύο χιλιάδες εφτακόσια σαράντα εννιά
MMDCCL	δύο χιλιάδες εφτακόσια πενήντα
MMDCCLI	δύο χιλιάδες εφτακόσια πενήντα ένα
MMDCCLII	δύο χιλιάδες εφτακόσια πενήντα δύο
MMDCCLIII	δύο χιλιάδες εφτακόσια πενήντα τρία
MMDCCLIV	δύο χιλιάδες εφτακόσια πενήντα τέσσερα
MMDCCLV	δύο χιλιάδες εφτακόσια πενήντα πέντε
MMDCCLVI	δύο χιλιάδες εφτακόσια πενήντα έξι
MMDCCLVII	δύο χιλιάδες εφτακόσια πενήντα εφτά
MMDCCLVIII	δύο χιλιάδες εφτακόσια πενήντα οχτώ
MMDCCLIX	δύο χιλιάδες εφτακόσια πενήντα εννιά
MMDCCLX	δύο χιλιάδες εφτακόσια εξήντα
MMDCCLXI	δύο χιλιάδες εφτακόσια εξήντα ένα
MMDCCLXII	δύο χιλιάδες εφτακόσια εξήντα δύο
MMDCCLXIII	δύο χιλιάδες εφτακόσια εξήντα τρία
MMDCCLXIV	δύο χιλιάδες εφτακόσια εξήντα τέσσερα
MMDCCLXV	δύο χιλιάδες εφτακόσια εξήντα πέντε
MMDCCLXVI	δύο χιλιάδες εφτακόσια εξήντα έξι
MMDCCLXVII	δύο χιλιάδες εφτακόσια εξήντα εφτά
MMDCCLXVIII	δύο χιλιάδες εφτακόσια εξήντα οχτώ
MMDCCLXIX	δύο χιλιάδες εφτακόσια εξήντα εννιά
MMDCCLXX	δύο χιλιάδες εφτακόσια εβδομήντα
MMDCCLXXI	δύο χιλιάδες εφτακόσια εβδομήντα ένα
MMDCCLXXII	δύο χιλιάδες εφτακόσια εβδομήντα δύο
MMDCCLXXIII	δύο χιλιάδες εφτακόσια εβδομήντα τρία
MMDCCLXXIV	δύο χιλιάδες εφτακόσια εβδομήντα τέσσερα
MMDCCLXXV	δύο χιλιάδες εφτακόσια εβδομήντα πέντε
MMDCCLXXVI	δύο χιλιάδες εφτακόσια εβδομήντα έξι
MMDCCLXXVII	δύο χιλιάδες εφτακόσια εβδομήντα εφτά
MMDCCLXXVIII	δύο χιλιάδες εφτακόσια εβδομήντα οχτώ
MMDCCLXXIX	δύο χιλιάδες εφτακόσια εβδομήντα εννιά
MMDCCLXXX	δύο χιλιάδες εφτακόσια ογδόντα
MMDCCLXXXI	δύο χιλιάδες εφτακόσια ογδόντα ένα
MMDCCLXXXII	δύο χιλιάδες εφτακόσια ογδόντα δύο
MMDCCLXXXIII	δύο χιλιάδες εφτακόσια ογδόντα τρία
MMDCCLXXXIV	δύο χιλιάδες εφτακόσια ογδόντα τέσσερα
MMDCCLXXXV	δύο χιλιάδες εφτακόσια ογδόντα πέντε
MMDCCLXXXVI	δύο χιλιάδες εφτακόσια ογδόντα έξι
MMDCCLXXXVII	δύο χιλιάδες εφτακόσια ογδόντα εφτά
MMDCCLXXXVIII	δύο χιλιάδες εφτακόσια ογδόντα οχτώ
MMDCCLXXXIX	δύο χιλιάδες εφτακόσια ογδόντα εννιά
MMDCCXC	δύο χιλιάδες εφτακόσια ενενήντα
MMDCCXCI	δύο χιλιάδες εφτακόσια ενενήντα ένα
MMDCCXCII	δύο χιλιάδες εφτακόσια ενενήντα δύο
MMDCCXCIII	δύο χιλιάδες εφτακόσια ενενήντα τρία
MMDCCXCIV	δύο χιλιάδες εφτακόσια ενενήντα τέσσερα
MMDCCXCV	δύο χιλιάδες εφτακόσια ενενήντα πέντε
MMDCCXCVI	δύο χιλιάδες εφτακόσια ενενήντα έξι
MMDCCXCVII	δύο χιλιάδες εφτακόσια ενενήντα εφτά
MMDCCXCVIII	δύο χιλιάδες εφτακόσια ενενήντα οχτώ
MMDCCXCIX	δύο χιλιάδες εφτακόσια ενενήντα εννιά
MMDCCC	δύο χιλιάδες οχτακόσια
MMDCCCI	δύο χιλιάδες οχτακόσια ένα
MMDCCCII	δύο χιλιάδες οχτακόσια δύο
MMDCCCIII	δύο χιλιάδες οχτακόσια τρία
MMDCCCIV	δύο χιλιάδες οχτακόσια τέσσερα
MMDCCCV	δύο χιλιάδες οχτακόσια πέντε
MMDCCCVI	δύο χιλιάδες οχτακόσια έξι
MMDCCCVII	δύο χιλιάδες οχτακόσια εφτά
MMDCCCVIII	δύο χιλιάδες οχτακόσια οχτώ
MMDCCCIX	δύο χιλιάδες οχτακόσια εννιά
MMDCCCX	δύο χιλιάδες οχτακόσια δέκα
MMDCCCXI	δύο χιλιάδες οχτακόσια έντεκα
MMDCCCXII	δύο χιλιάδες οχτακόσια δώδεκα
MMDCCCXIII	δύο χιλιάδες οχτακόσια δεκατρία
MMDCCCXIV	δύο χιλιάδες οχτακόσια δεκατέσσερα
MMDCCCXV	δύο χιλιάδες οχτακόσια δεκαπέντε
MMDCCCXVI	δύο χιλιάδες οχτακόσια δεκαέξι
MMDCCCXVII	δύο χιλιάδες οχτακόσια δεκαεφτά
MMDCCCXVIII	δύο χιλιάδες οχτακόσια δεκαοχτώ
MMDCCCXIX	δύο χιλιάδες οχτακόσια δεκαεννιά
MMDCCCXX	δύο χιλιάδες οχτακόσια είκοσι
MMDCCCXXI	δύο χιλιάδες οχτακόσια είκοσι ένα
MMDCCCXXII	δύο χιλιάδες οχτακόσια είκοσι δύο
MMDCCCXXIII	δύο χιλιάδες οχτακόσια είκοσι τρία
MMDCCCXXIV	δύο χιλιάδες οχτακόσια είκοσι τέσσερα
MMDCCCXXV	δύο χιλιάδες οχτακόσια είκοσι πέντε
MMDCCCXXVI	δύο χιλιάδες οχτακόσια είκοσι έξι
MMDCCCXXVII	δύο χιλιάδες οχτακόσια είκοσι εφτά
MMDCCCXXVIII	δύο χιλιάδες οχτακόσια είκοσι οχτώ
MMDCCCXXIX	δύο χιλιάδες οχτακόσια είκοσι εννιά
MMDCCCXXX	δύο χιλιάδες οχτακόσια τριάντα
MMDCCCXXXI	δύο χιλιάδες οχτακόσια τριάντα ένα
MMDCCCXXXII	δύο χιλιάδες οχτακόσια τριάντα δύο
MMDCCCXXXIII	δύο χιλιάδες οχτακόσια τριάντα τρία
MMDCCCXXXIV	δύο χιλιάδες οχτακόσια τριάντα τέσσερα
MMDCCCXXXV	δύο χιλιάδες οχτακόσια τριάντα πέντε
MMDCCCXXXVI	δύο χιλιάδες οχτακόσια τριάντα έξι
MMDCCCXXXVII	δύο χιλιάδες οχτακόσια τριάντα εφτά
MMDCCCXXXVIII	δύο χιλιάδες οχτακόσια τριάντα οχτώ
MMDCCCXXXIX	δύο χιλιάδες οχτακόσια τριάντα εννιά
MMDCCCXL	δύο χιλιάδες οχτακόσια σαράντα
MMDCCCXLI	δύο χιλιάδες οχτακόσια σαράντα ένα
MMDCCCXLII	δύο χιλιάδες οχτακόσια σαράντα δύο
MMDCCCXLIII	δύο χιλιάδες οχτακόσια σαράντα τρία
MMDCCCXLIV	δύο χιλιάδες οχτακόσια σαράντα τέσσερα
MMDCCCXLV	δύο χιλιάδες οχτακόσια σαράντα πέντε
MMDCCCXLVI	δύο χιλιάδες οχτακόσια σαράντα έξι
MMDCCCXLVII	δύο χιλιάδες οχτακόσια σαράντα εφτά
MMDCCCXLVIII	δύο χιλιάδες οχτακόσια σαράντα οχτώ
MMDCCCXLIX	δύο χιλιάδες οχτακόσια σαράντα εννιά
MMDCCCL	δύο χιλιάδες οχτακόσια πενήντα
MMDCCCLI	δύο χιλιάδες οχτακόσια πενήντα ένα
MMDCCCLII	δύο χιλιάδες οχτακόσια πενήντα δύο
MMDCCCLIII	δύο χιλιάδες οχτακόσια πενήντα τρία
MMDCCCLIV	δύο χιλιάδες οχτακόσια πενήντα τέσσερα
MMDCCCLV	δύο χιλιάδες οχτακόσια πενήντα πέντε
MMDCCCLVI	δύο χιλιάδες οχτακόσια πενήντα έξι
MMDCCCLVII	δύο χιλιάδες οχτακόσια πενήντα εφτά
MMDCCCLVIII	δύο χιλιάδες οχτακόσια πενήντα οχτώ
MMDCCCLIX	δύο χιλιάδες οχτακόσια πενήντα εννιά
MMDCCCLX	δύο χιλιάδες οχτακόσια εξήντα
MMDCCCLXI	δύο χιλιάδες οχτακόσια εξήντα ένα
MMDCCCLXII	δύο χιλιάδες οχτακόσια εξήντα δύο
MMDCCCLXIII	δύο χιλιάδες οχτακόσια εξήντα τρία
MMDCCCLXIV	δύο χιλιάδες οχτακόσια εξήντα τέσσερα
MMDCCCLXV	δύο χιλιάδες οχτακόσια εξήντα πέντε
MMDCCCLXVI	δύο χιλιάδες οχτακόσια εξήντα έξι
MMDCCCLXVII	δύο χιλιάδες οχτακόσια εξήντα εφτά
MMDCCCLXVIII	δύο χιλιάδες οχτακόσια εξήντα οχτώ
MMDCCCLXIX	δύο χιλιάδες οχτακόσια εξήντα εννιά
MMDCCCLXX	δύο χιλιάδες οχτακόσια εβδομήντα
MMDCCCLXXI	δύο χιλιάδες οχτακόσια εβδομήντα ένα
MMDCCCLXXII	δύο χιλιάδες οχτακόσια εβδομήντα δύο
MMDCCCLXXIII	δύο χιλιάδες οχτακόσια εβδομήντα τρία
MMDCCCLXXIV	δύο χιλιάδες οχτακόσια εβδομήντα τέσσερα
MMDCCCLXXV	δύο χιλιάδες οχτακόσια εβδομήντα πέντε
MMDCCCLXXVI	δύο χιλιάδες οχτακόσια εβδομήντα έξι
MMDCCCLXXVII	δύο χιλιάδες οχτακόσια εβδομήντα εφτά
MMDCCCLXXVIII	δύο χιλιάδες οχτακόσια εβδομήντα οχτώ
MMDCCCLXXIX	δύο χιλιάδες οχτακόσια εβδομήντα εννιά
MMDCCCLXXX	δύο χιλιάδες οχτακόσια ογδόντα
MMDCCCLXXXI	δύο χιλιάδες οχτακόσια ογδόντα ένα
MMDCCCLXXXII	δύο χιλιάδες οχτακόσια ογδόντα δύο
MMDCCCLXXXIII	δύο χιλιάδες οχτακόσια ογδόντα τρία
MMDCCCLXXXIV	δύο χιλιάδες οχτακόσια ογδόντα τέσσερα
MMDCCCLXXXV	δύο χιλιάδες οχτακόσια ογδόντα πέντε
MMDCCCLXXXVI	δύο χιλιάδες οχτακόσια ογδόντα έξι
MMDCCCLXXXVII	δύο χιλιάδες οχτακόσια ογδόντα εφτά
MMDCCCLXXXVIII	δύο χιλιάδες οχτακόσια ογδόντα οχτώ
MMDCCCLXXXIX	δύο χιλιάδες οχτακόσια ογδόντα εννιά
MMDCCCXC	δύο χιλιάδες οχτακόσια ενενήντα
MMDCCCXCI	δύο χιλιάδες οχτακόσια ενενήντα ένα
MMDCCCXCII	δύο χιλιάδες οχτακόσια ενενήντα δύο
MMDCCCXCIII	δύο χιλιάδες οχτακόσια ενενήντα τρία
MMDCCCXCIV	δύο χιλιάδες οχτακόσια ενενήντα τέσσερα
MMDCCCXCV	δύο χιλιάδες οχτακόσια ενενήντα πέντε
MMDCCCXCVI	δύο χιλιάδες οχτακόσια ενενήντα έξι
MMDCCCXCVII	δύο χιλιάδες οχτακόσια ενενήντα εφτά
MMDCCCXCVIII	δύο χιλιάδες οχτακόσια ενενήντα οχτώ
MMDCCCXCIX	δύο χιλιάδες οχτακόσια ενενήντα εννιά
MMCM	δύο χιλιάδες εννιακόσια
MMCMI	δύο χιλιάδες εννιακόσια ένα
MMCMII	δύο χιλιάδες εννιακόσια δύο
MMCMIII	δύο χιλιάδες εννιακόσια τρία
MMCMIV	δύο χιλιάδες εννιακόσια τέσσερα
MMCMV	δύο χιλιάδες εννιακόσια πέντε
MMCMVI	δύο χιλιάδες εννιακόσια έξι
MMCMVII	δύο χιλιάδες εννιακόσια εφτά
MMCMVIII	δύο χιλιάδες εννιακόσια οχτώ
MMCMIX	δύο χιλιάδες εννιακόσια εννιά
MMCMX	δύο χιλιάδες εννιακόσια δέκα
MMCMXI	δύο χιλιάδες εννιακόσια έντεκα
MMCMXII	δύο χιλιάδες εννιακόσια δώδεκα
MMCMXIII	δύο χιλιάδες εννιακόσια δεκατρία
MMCMXIV	δύο χιλιάδες εννιακόσια δεκατέσσερα
MMCMXV	δύο χιλιάδες εννιακόσια δεκαπέντε
MMCMXVI	δύο χιλιάδες εννιακόσια δεκαέξι
MMCMXVII	δύο χιλιάδες εννιακόσια δεκαεφτά
MMCMXVIII	δύο χιλιάδες εννιακόσια δεκαοχτώ
MMCMXIX	δύο χιλιάδες εννιακόσια δεκαεννιά
MMCMXX	δύο χιλιάδες εννιακόσια είκοσι
MMCMXXI	δύο χιλιάδες εννιακόσια είκοσι ένα
MMCMXXII	δύο χιλιάδες εννιακόσια είκοσι δύο
MMCMXXIII	δύο χιλιάδες εννιακόσια είκοσι τρία
MMCMXXIV	δύο χιλιάδες εννιακόσια είκοσι τέσσερα
MMCMXXV	δύο χιλιάδες εννιακόσια είκοσι πέντε
MMCMXXVI	δύο χιλιάδες εννιακόσια είκοσι έξι
MMCMXXVII	δύο χιλιάδες εννιακόσια είκοσι εφτά
MMCMXXVIII	δύο χιλιάδες εννιακόσια είκοσι οχτώ
MMCMXXIX	δύο χιλιάδες εννιακόσια είκοσι εννιά
MMCMXXX	δύο χιλιάδες εννιακόσια τριάντα
MMCMXXXI	δύο χιλιάδες εννιακόσια τριάντα ένα
MMCMXXXII	δύο χιλιάδες εννιακόσια τριάντα δύο
MMCMXXXIII	δύο χιλιάδες εννιακόσια τριάντα τρία
MMCMXXXIV	δύο χιλιάδες εννιακόσια τριάντα τέσσερα
MMCMXXXV	δύο χιλιάδες εννιακόσια τριάντα πέντε
MMCMXXXVI	δύο χιλιάδες εννιακόσια τριάντα έξι
MMCMXXXVII	δύο χιλιάδες εννιακόσια τριάντα εφτά
MMCMXXXVIII	δύο χιλιάδες εννιακόσια τριάντα οχτώ
MMCMXXXIX	δύο χιλιάδες εννιακόσια τριάντα εννιά
MMCMXL	δύο χιλιάδες εννιακόσια σαράντα
MMCMXLI	δύο χιλιάδες εννιακόσια σαράντα ένα
MMCMXLII	δύο χιλιάδες εννιακόσια σαράντα δύο
MMCMXLIII	δύο χιλιάδες εννιακόσια σαράντα τρία
MMCMXLIV	δύο χιλιάδες εννιακόσια σαράντα τέσσερα
MMCMXLV	δύο χιλιάδες εννιακόσια σαράντα πέντε
MMCMXLVI	δύο χιλιάδες εννιακόσια σαράντα έξι
MMCMXLVII	δύο χιλιάδες εννιακόσια σαράντα εφτά
MMCMXLVIII	δύο χιλιάδες εννιακόσια σαράντα οχτώ
MMCMXLIX	δύο χιλιάδες εννιακόσια σαράντα εννιά
MMCML	δύο χιλιάδες εννιακόσια πενήντα
MMCMLI	δύο χιλιάδες εννιακόσια πενήντα ένα
MMCMLII	δύο χιλιάδες εννιακόσια πενήντα δύο
MMCMLIII	δύο χιλιάδες εννιακόσια πενήντα τρία
MMCMLIV	δύο χιλιάδες εννιακόσια πενήντα τέσσερα
MMCMLV	δύο χιλιάδες εννιακόσια πενήντα πέντε
MMCMLVI	δύο χιλιάδες εννιακόσια πενήντα έξι
MMCMLVII	δύο χιλιάδες εννιακόσια πενήντα εφτά
MMCMLVIII	δύο χιλιάδες εννιακόσια πενήντα οχτώ
MMCMLIX	δύο χιλιάδες εννιακόσια πενήντα εννιά
MMCMLX	δύο χιλιάδες εννιακόσια εξήντα
MMCMLXI	δύο χιλιάδες εννιακόσια εξήντα ένα
MMCMLXII	δύο χιλιάδες εννιακόσια εξήντα δύο
MMCMLXIII	δύο χιλιάδες εννιακόσια εξήντα τρία
MMCMLXIV	δύο χιλιάδες εννιακόσια εξήντα τέσσερα
MMCMLXV	δύο χιλιάδες εννιακόσια εξήντα πέντε
MMCMLXVI	δύο χιλιάδες εννιακόσια εξήντα έξι
MMCMLXVII	δύο χιλιάδες εννιακόσια εξήντα εφτά
MMCMLXVIII	δύο χιλιάδες εννιακόσια εξήντα οχτώ
MMCMLXIX	δύο χιλιάδες εννιακόσια εξήντα εννιά
MMCMLXX	δύο χιλιάδες εννιακόσια εβδομήντα
MMCMLXXI	δύο χιλιάδες εννιακόσια εβδομήντα ένα
MMCMLXXII	δύο χιλιάδες εννιακόσια εβδομήντα δύο
MMCMLXXIII	δύο χιλιάδες εννιακόσια εβδομήντα τρία
MMCMLXXIV	δύο χιλιάδες εννιακόσια εβδομήντα τέσσερα
MMCMLXXV	δύο χιλιάδες εννιακόσια εβδομήντα πέντε
MMCMLXXVI	δύο χιλιάδες εννιακόσια εβδομήντα έξι
MMCMLXXVII	δύο χιλιάδες εννιακόσια εβδομήντα εφτά
MMCMLXXVIII	δύο χιλιάδες εννιακόσια εβδομήντα οχτώ
MMCMLXXIX	δύο χιλιάδες εννιακόσια εβδομήντα εννιά
MMCMLXXX	δύο χιλιάδες εννιακόσια ογδόντα
MMCMLXXXI	δύο χιλιάδες εννιακόσια ογδόντα ένα
MMCMLXXXII	δύο χιλιάδες εννιακόσια ογδόντα δύο
MMCMLXXXIII	δύο χιλιάδες εννιακόσια ογδόντα τρία
MMCMLXXXIV	δύο χιλιάδες εννιακόσια ογδόντα τέσσερα
MMCMLXXXV	δύο χιλιάδες εννιακόσια ογδόντα πέντε
MMCMLXXXVI	δύο χιλιάδες εννιακόσια ογδόντα έξι
MMCMLXXXVII	δύο χιλιάδες εννιακόσια ογδόντα εφτά
MMCMLXXXVIII	δύο χιλιάδες εννιακόσια ογδόντα οχτώ
MMCMLXXXIX	δύο χιλιάδες εννιακόσια ογδόντα εννιά
MMCMXC	δύο χιλιάδες εννιακόσια ενενήντα
MMCMXCI	δύο χιλιάδες εννιακόσια ενενήντα ένα
MMCMXCII	δύο χιλιάδες εννιακόσια ενενήντα δύο
MMCMXCIII	δύο χιλιάδες εννιακόσια ενενήντα τρία
MMCMXCIV	δύο χιλιάδες εννιακόσια ενενήντα τέσσερα
MMCMXCV	δύο χιλιάδες εννιακόσια ενενήντα πέντε
MMCMXCVI	δύο χιλιάδες εννιακόσια ενενήντα έξι
MMCMXCVII	δύο χιλιάδες εννιακόσια ενενήντα εφτά
MMCMXCVIII	δύο χιλιάδες εννιακόσια ενενήντα οχτώ
MMCMXCIX	δύο χιλιάδες εννιακόσια ενενήντα εννιά
MMM	τρεις χιλιάδες
